,Char,x0,x1,width,y0,y1,height
0,N,14.17327,19.50027,5.327,47.57959,54.57959,7.0
1,u,19.29027,23.16827,3.878,47.57959,54.57959,7.0
2,m,22.95827,28.89427,5.936,47.57959,54.57959,7.0
3,ă,28.67727,32.71627,4.0390000000000015,47.57959,54.57959,7.0
4,r,32.50627,34.96327,2.4570000000000007,47.57959,54.57959,7.0
5,u,34.75327,38.63127,3.878,47.57959,54.57959,7.0
6,l,38.42127,39.91227,1.4909999999999997,47.57959,54.57959,7.0
7, ,39.70227,41.52227,1.8200000000000003,47.57959,54.57959,7.0
8,4,41.31227,45.49127,4.179000000000002,47.57959,54.57959,7.0
9,2,45.029270000000004,48.837270000000004,3.808,47.57959,54.57959,7.0
10, ,48.62727,50.44727,1.8200000000000003,47.57959,54.57959,7.0
11,*,50.236670000000004,53.398070000000004,3.1614000000000004,47.57959,54.179590000000005,6.600000000000001
12,R,53.200070000000004,57.54287,4.342799999999997,47.57959,54.179590000000005,6.600000000000001
13,e,57.120470000000005,60.809870000000004,3.689399999999999,47.57959,54.179590000000005,6.600000000000001
14,v,60.407270000000004,63.98447,3.5771999999999977,47.57959,54.179590000000005,6.600000000000001
15,i,63.78647,65.48267,1.6961999999999975,47.57959,54.179590000000005,6.600000000000001
16,s,65.28467,68.28107,2.996399999999994,47.57959,54.179590000000005,6.600000000000001
17,t,67.98340999999999,70.86101,2.877600000000001,47.57959,54.179590000000005,6.600000000000001
18,a,70.53101,74.51080999999999,3.9797999999999973,47.57959,54.179590000000005,6.600000000000001
19, ,74.31281,76.02881,1.715999999999994,47.57959,54.179590000000005,6.600000000000001
20,e,75.83081,79.52021,3.6894000000000062,47.57959,54.179590000000005,6.600000000000001
21,s,79.32221,82.31860999999999,2.996399999999994,47.57959,54.179590000000005,6.600000000000001
22,t,82.02161,84.89921,2.877600000000001,47.57959,54.179590000000005,6.600000000000001
23,e,84.56921,88.25861,3.6894000000000062,47.57959,54.179590000000005,6.600000000000001
24, ,88.06061,89.77660999999999,1.715999999999994,47.57959,54.179590000000005,6.600000000000001
25,v,89.57861,93.15581,3.577200000000005,47.57959,54.179590000000005,6.600000000000001
26,a,92.79281,96.77261,3.9797999999999973,47.57959,54.179590000000005,6.600000000000001
27,l,96.57461,98.27741,1.7027999999999963,47.57959,54.179590000000005,6.600000000000001
28,a,98.07941,102.05921,3.9797999999999973,47.57959,54.179590000000005,6.600000000000001
29,b,101.86121,105.83441,3.9732000000000056,47.57959,54.179590000000005,6.600000000000001
30,i,105.63641,107.33261,1.6962000000000046,47.57959,54.179590000000005,6.600000000000001
31,l,107.13461000000001,108.83741,1.7027999999999963,47.57959,54.179590000000005,6.600000000000001
32,ă,108.63941,112.61921,3.9797999999999973,47.57959,54.179590000000005,6.600000000000001
33, ,112.42121,114.13721,1.715999999999994,47.57959,54.179590000000005,6.600000000000001
34,î,113.93921,115.63541000000001,1.6962000000000046,47.57959,54.179590000000005,6.600000000000001
35,n,115.43741,119.25881,3.821399999999997,47.57959,54.179590000000005,6.600000000000001
36, ,119.06081,120.77681,1.715999999999994,47.57959,54.179590000000005,6.600000000000001
37,p,120.57881,124.55201000000001,3.9732000000000056,47.57959,54.179590000000005,6.600000000000001
38,e,124.35401,128.04341,3.689399999999992,47.57959,54.179590000000005,6.600000000000001
39,r,127.84541,130.57121,2.7258000000000067,47.57959,54.179590000000005,6.600000000000001
40,i,130.37321,132.06941,1.6962000000000046,47.57959,54.179590000000005,6.600000000000001
41,o,131.87141,135.79841,3.9269999999999925,47.57959,54.179590000000005,6.600000000000001
42,a,135.60040999999998,139.58021,3.9798000000000116,47.57959,54.179590000000005,6.600000000000001
43,d,139.38221,143.38841,4.006200000000007,47.57959,54.179590000000005,6.600000000000001
44,a,143.19041,147.17021000000003,3.9798000000000116,47.57959,54.179590000000005,6.600000000000001
45,:,146.97221,148.54961,1.5774000000000115,47.57959,54.179590000000005,6.600000000000001
46, ,148.35161,150.06761,1.7160000000000082,47.57959,54.179590000000005,6.600000000000001
47,1,149.86961,152.73400999999998,2.864399999999989,47.57959,54.179590000000005,6.600000000000001
48,4,152.53601,156.58181000000002,4.045800000000014,47.57959,54.179590000000005,6.600000000000001
49,.,156.38381,157.96121000000002,1.5774000000000115,47.57959,54.179590000000005,6.600000000000001
50,1,157.76321000000002,160.62761,2.864399999999989,47.57959,54.179590000000005,6.600000000000001
51,0,160.42961,164.34341,3.913800000000009,47.57959,54.179590000000005,6.600000000000001
52, ,164.14541,165.86141,1.7160000000000082,47.57959,54.179590000000005,6.600000000000001
53,–,165.66341,168.96341,3.3000000000000114,47.57959,54.179590000000005,6.600000000000001
54, ,168.76541,170.48141,1.7160000000000082,47.57959,54.179590000000005,6.600000000000001
55,2,170.28341,174.15101,3.86760000000001,47.57959,54.179590000000005,6.600000000000001
56,0,173.92001,177.83381,3.913800000000009,47.57959,54.179590000000005,6.600000000000001
57,.,177.63581,179.21321,1.5774000000000115,47.57959,54.179590000000005,6.600000000000001
58,1,179.01521,181.87960999999999,2.864399999999989,47.57959,54.179590000000005,6.600000000000001
59,0,181.68161,185.59541000000002,3.913800000000009,47.57959,54.179590000000005,6.600000000000001
60,.,185.39741,186.97481000000002,1.5774000000000115,47.57959,54.179590000000005,6.600000000000001
61,2,186.77681,190.64441000000002,3.86760000000001,47.57959,54.179590000000005,6.600000000000001
62,0,190.41341,194.32721,3.913800000000009,47.57959,54.179590000000005,6.600000000000001
63,2,193.99721,197.86481,3.86760000000001,47.57959,54.179590000000005,6.600000000000001
64,0,197.63381,201.54761000000002,3.913800000000009,47.57959,54.179590000000005,6.600000000000001
65,",",201.34961,202.92701000000002,1.5774000000000115,47.57959,54.179590000000005,6.600000000000001
66, ,202.72901,204.44501,1.7160000000000082,47.57959,54.179590000000005,6.600000000000001
67,c,204.24701,207.50081,3.2538000000000125,47.57959,54.179590000000005,6.600000000000001
68,u,207.30281,211.13081,3.828000000000003,47.57959,54.179590000000005,6.600000000000001
69, ,210.93281,212.64881,1.7160000000000082,47.57959,54.179590000000005,6.600000000000001
70,e,212.45081,216.14021,3.6894000000000062,47.57959,54.179590000000005,6.600000000000001
71,x,215.67821,219.14981,3.471599999999995,47.57959,54.179590000000005,6.600000000000001
72,c,218.61521,221.86901,3.2538000000000125,47.57959,54.179590000000005,6.600000000000001
73,e,221.50601,225.19541,3.6894000000000062,47.57959,54.179590000000005,6.600000000000001
74,p,224.99741,228.97061,3.9731999999999914,47.57959,54.179590000000005,6.600000000000001
75,ț,228.61421,231.49181000000002,2.877600000000001,47.57959,54.179590000000005,6.600000000000001
76,i,231.29381,232.99001,1.6962000000000046,47.57959,54.179590000000005,6.600000000000001
77,a,232.79201,236.77181000000002,3.9798000000000116,47.57959,54.179590000000005,6.600000000000001
78, ,236.57381,238.28981000000002,1.7160000000000082,47.57959,54.179590000000005,6.600000000000001
79,o,238.09181,242.01881,3.9269999999999925,47.57959,54.179590000000005,6.600000000000001
80,f,241.66241,244.55321,2.890800000000013,47.57959,54.179590000000005,6.600000000000001
81,e,244.09781,247.78721000000002,3.6894000000000062,47.57959,54.179590000000005,6.600000000000001
82,r,247.58921,250.31501,2.7257999999999925,47.57959,54.179590000000005,6.600000000000001
83,t,250.11701,252.99461,2.877600000000001,47.57959,54.179590000000005,6.600000000000001
84,e,252.66395,256.35335,3.689399999999978,47.57959,54.179590000000005,6.600000000000001
85,l,256.15535,257.85815,1.7028000000000247,47.57959,54.179590000000005,6.600000000000001
86,o,257.66015,261.58715,3.927000000000021,47.57959,54.179590000000005,6.600000000000001
87,r,261.38915,264.11494999999996,2.7257999999999925,47.57959,54.179590000000005,6.600000000000001
88, ,263.91695,265.63295,1.7160000000000082,47.57959,54.179590000000005,6.600000000000001
89,i,265.43495,267.13115,1.6961999999999762,47.57959,54.179590000000005,6.600000000000001
90,n,266.93315,270.75455,3.821399999999983,47.57959,54.179590000000005,6.600000000000001
91,d,270.52355,274.52975,4.0061999999999784,47.57959,54.179590000000005,6.600000000000001
92,i,274.33175,276.02795,1.6961999999999762,47.57959,54.179590000000005,6.600000000000001
93,c,275.82995,279.08375,3.2538000000000125,47.57959,54.179590000000005,6.600000000000001
94,a,278.72075,282.70055,3.9798000000000116,47.57959,54.179590000000005,6.600000000000001
95,t,282.50255,285.38014999999996,2.8775999999999726,47.57959,54.179590000000005,6.600000000000001
96,e,285.05015000000003,288.73955,3.689399999999978,47.57959,54.179590000000005,6.600000000000001
97, ,288.54154,290.25754,1.7160000000000082,47.57959,54.179590000000005,6.600000000000001
98,p,290.05954,294.03274000000005,3.97320000000002,47.57959,54.179590000000005,6.600000000000001
99,r,293.83474,296.56054,2.7257999999999925,47.57959,54.179590000000005,6.600000000000001
100,i,296.36254,298.05874,1.6961999999999762,47.57959,54.179590000000005,6.600000000000001
101,n,297.86074,301.68214,3.821399999999983,47.57959,54.179590000000005,6.600000000000001
102, ,301.48414,303.20014000000003,1.7160000000000082,47.57959,54.179590000000005,6.600000000000001
103,„,303.00214,305.75434,2.752200000000016,47.57959,54.179590000000005,6.600000000000001
104,L,305.58405,309.37905,3.795000000000016,47.57959,54.179590000000005,6.600000000000001
105,U,308.96985,313.68885,4.718999999999994,47.57959,54.179590000000005,6.600000000000001
106,N,313.55685,318.42764999999997,4.870799999999974,47.57959,54.179590000000005,6.600000000000001
107,I,318.29565,320.31525000000005,2.0196000000000254,47.57959,54.179590000000005,6.600000000000001
108, ,320.15025,321.86625000000004,1.7160000000000082,47.57959,54.179590000000005,6.600000000000001
109,Ș,321.70125,325.62825000000004,3.927000000000021,47.57959,54.179590000000005,6.600000000000001
110,I,325.49625,327.51585,2.0196000000000254,47.57959,54.179590000000005,6.600000000000001
111, ,327.35085,329.06685,1.7160000000000082,47.57959,54.179590000000005,6.600000000000001
112,M,328.90185,334.69665000000003,5.794800000000009,47.57959,54.179590000000005,6.600000000000001
113,A,334.56465000000003,339.48165,4.916999999999973,47.57959,54.179590000000005,6.600000000000001
114,R,339.34965,343.69245,4.342800000000011,47.57959,54.179590000000005,6.600000000000001
115,Ț,343.35519,347.62539,4.2701999999999884,47.57959,54.179590000000005,6.600000000000001
116,I,347.49339,349.51299,2.0196000000000254,47.57959,54.179590000000005,6.600000000000001
117,",",349.34865,350.92605000000003,1.5774000000000115,47.57959,54.179590000000005,6.600000000000001
118, ,350.72805,352.44405,1.7160000000000082,47.57959,54.179590000000005,6.600000000000001
119,1,352.24605,355.11045,2.864399999999989,47.57959,54.179590000000005,6.600000000000001
120,2,354.91245,358.78004999999996,3.8675999999999817,47.57959,54.179590000000005,6.600000000000001
121,-,358.58205,361.10985,2.5278000000000134,47.57959,54.179590000000005,6.600000000000001
122,1,360.91185,363.77625,2.864399999999989,47.57959,54.179590000000005,6.600000000000001
123,3,363.54525,367.46565,3.9203999999999724,47.57959,54.179590000000005,6.600000000000001
124, ,367.26765,368.98365,1.7160000000000082,47.57959,54.179590000000005,6.600000000000001
125,o,368.78565,372.71265,3.927000000000021,47.57959,54.179590000000005,6.600000000000001
126,c,372.51465,375.76845000000003,3.2538000000000125,47.57959,54.179590000000005,6.600000000000001
127,t,375.53745,378.41504999999995,2.8775999999999726,47.57959,54.179590000000005,6.600000000000001
128,o,378.08505,382.01205000000004,3.927000000000021,47.57959,54.179590000000005,6.600000000000001
129,m,381.81405,387.55605,5.742000000000019,47.57959,54.179590000000005,6.600000000000001
130,b,387.35805,391.33125,3.97320000000002,47.57959,54.179590000000005,6.600000000000001
131,r,391.13325,393.85904999999997,2.7257999999999925,47.57959,54.179590000000005,6.600000000000001
132,i,393.66105,395.35724999999996,1.6961999999999762,47.57959,54.179590000000005,6.600000000000001
133,e,395.15925,398.84864999999996,3.689399999999978,47.57959,54.179590000000005,6.600000000000001
134,‘,398.65065,400.26105,1.610400000000027,47.57959,54.179590000000005,6.600000000000001
135,‘,400.06305,401.67345,1.610400000000027,47.57959,54.179590000000005,6.600000000000001
136, ,401.47545,403.19145000000003,1.7160000000000082,47.57959,54.179590000000005,6.600000000000001
137,ș,402.99345,405.98985,2.996399999999994,47.57959,54.179590000000005,6.600000000000001
138,i,405.79185,407.48805,1.6961999999999762,47.57959,54.179590000000005,6.600000000000001
139, ,407.29005,409.00605,1.7160000000000082,47.57959,54.179590000000005,6.600000000000001
140,„,408.80805,411.56025,2.752200000000016,47.57959,54.179590000000005,6.600000000000001
141,D,411.36225,416.21325,4.850999999999999,47.57959,54.179590000000005,6.600000000000001
142,e,415.98225,419.67165,3.689399999999978,47.57959,54.179590000000005,6.600000000000001
143, ,419.47365,421.18965000000003,1.7160000000000082,47.57959,54.179590000000005,6.600000000000001
144,l,420.99165,422.69445,1.7028000000000247,47.57959,54.179590000000005,6.600000000000001
145,u,422.49645,426.32444999999996,3.8279999999999745,47.57959,54.179590000000005,6.600000000000001
146,n,426.12645,429.94784999999996,3.821399999999983,47.57959,54.179590000000005,6.600000000000001
147,i,429.74985,431.44604999999996,1.6961999999999762,47.57959,54.179590000000005,6.600000000000001
148,",",431.24805,432.82545,1.5774000000000115,47.57959,54.179590000000005,6.600000000000001
149, ,432.62745,434.34345,1.7160000000000082,47.57959,54.179590000000005,6.600000000000001
150,1,434.14545,437.00985,2.864399999999989,47.57959,54.179590000000005,6.600000000000001
151,9,436.81185,440.75205,3.9402000000000044,47.57959,54.179590000000005,6.600000000000001
152,.,440.55405,442.13145000000003,1.5774000000000115,47.57959,54.179590000000005,6.600000000000001
153,1,441.93345,444.79785,2.864399999999989,47.57959,54.179590000000005,6.600000000000001
154,0,444.59985,448.51365,3.9137999999999806,47.57959,54.179590000000005,6.600000000000001
155, ,448.31565,450.03165,1.7160000000000082,47.57959,54.179590000000005,6.600000000000001
156,p,449.83365,453.80685,3.97320000000002,47.57959,54.179590000000005,6.600000000000001
157,â,453.60885,457.58865000000003,3.9798000000000116,47.57959,54.179590000000005,6.600000000000001
158,n,457.39065,461.21205,3.821399999999983,47.57959,54.179590000000005,6.600000000000001
159,ă,460.98105,464.96085,3.9798000000000116,47.57959,54.179590000000005,6.600000000000001
160, ,464.76285,466.47885,1.7160000000000082,47.57959,54.179590000000005,6.600000000000001
161,d,466.28085,470.28704999999997,4.0061999999999784,47.57959,54.179590000000005,6.600000000000001
162,u,470.08905,473.91704999999996,3.8279999999999745,47.57959,54.179590000000005,6.600000000000001
163,m,473.71905,479.46105,5.742000000000019,47.57959,54.179590000000005,6.600000000000001
164,i,479.26305,480.95925,1.6961999999999762,47.57959,54.179590000000005,6.600000000000001
165,n,480.76125,484.58265,3.821399999999983,47.57959,54.179590000000005,6.600000000000001
166,i,484.38465,486.08085,1.6961999999999762,47.57959,54.179590000000005,6.600000000000001
167,c,485.88285,489.13665000000003,3.2538000000000125,47.57959,54.179590000000005,6.600000000000001
168,ă,488.77365,492.75345,3.9798000000000116,47.57959,54.179590000000005,6.600000000000001
169,",",492.55545,494.13285,1.5774000000000115,47.57959,54.179590000000005,6.600000000000001
170, ,493.93485,495.65085,1.7160000000000082,47.57959,54.179590000000005,6.600000000000001
171,2,495.45285,499.32045,3.8675999999999817,47.57959,54.179590000000005,6.600000000000001
172,5,499.08945,502.97685,3.8874000000000137,47.57959,54.179590000000005,6.600000000000001
173,.,502.77885,504.35625,1.5774000000000115,47.57959,54.179590000000005,6.600000000000001
174,1,504.15825,507.02265,2.864399999999989,47.57959,54.179590000000005,6.600000000000001
175,0,506.82465,510.73845,3.9137999999999806,47.57959,54.179590000000005,6.600000000000001
176,.,510.54045,512.11785,1.5773999999999546,47.57959,54.179590000000005,6.600000000000001
177,2,511.91985,515.78745,3.8676000000000386,47.57959,54.179590000000005,6.600000000000001
178,0,515.5564499999999,519.47025,3.9138000000000375,47.57959,54.179590000000005,6.600000000000001
179,2,519.1402499999999,523.00785,3.8676000000000386,47.57959,54.179590000000005,6.600000000000001
180,0,522.77685,526.69065,3.9138000000000375,47.57959,54.179590000000005,6.600000000000001
181,‘,526.49265,528.10305,1.610400000000027,47.57959,54.179590000000005,6.600000000000001
182,‘,527.90505,529.51545,1.610400000000027,47.57959,54.179590000000005,6.600000000000001
183,.,529.31745,530.89485,1.5774000000000115,47.57959,54.179590000000005,6.600000000000001
184, ,530.89485,532.61085,1.7160000000000082,47.57959,54.179590000000005,6.600000000000001
185, ,532.21483,533.93083,1.7160000000000082,47.57959,54.179590000000005,6.600000000000001
186,A,14.17327,19.234270000000002,5.061000000000002,39.57959,46.57959,7.0
187,r,19.02427,21.481270000000002,2.4570000000000007,39.57959,46.57959,7.0
188,t,21.27127,24.078270000000003,2.807000000000002,39.57959,46.57959,7.0
189,i,23.868270000000003,25.359270000000002,1.4909999999999997,39.57959,46.57959,7.0
190,c,25.14927,28.572270000000003,3.423000000000002,39.57959,46.57959,7.0
191,o,28.215269999999997,32.28227,4.067,39.57959,46.57959,7.0
192,l,32.072269999999996,33.563269999999996,1.4909999999999997,39.57959,46.57959,7.0
193,e,33.353269999999995,37.252269999999996,3.899000000000001,39.57959,46.57959,7.0
194,l,37.042269999999995,38.533269999999995,1.4909999999999997,39.57959,46.57959,7.0
195,e,38.323269999999994,42.222269999999995,3.899000000000001,39.57959,46.57959,7.0
196, ,42.012269999999994,43.832269999999994,1.8200000000000003,39.57959,46.57959,7.0
197,s,43.62226999999999,46.54126999999999,2.918999999999997,39.57959,46.57959,7.0
198,e,46.261269999999996,50.16027,3.899000000000001,39.57959,46.57959,7.0
199, ,49.950269999999996,51.77027,1.8200000000000003,39.57959,46.57959,7.0
200,g,51.560269999999996,55.557269999999995,3.997,39.57959,46.57959,7.0
201,ă,55.347269999999995,59.386269999999996,4.0390000000000015,39.57959,46.57959,7.0
202,s,59.176269999999995,62.09526999999999,2.918999999999997,39.57959,46.57959,7.0
203,e,61.81526999999999,65.71426999999998,3.898999999999994,39.57959,46.57959,7.0
204,s,65.50426999999999,68.42326999999999,2.918999999999997,39.57959,46.57959,7.0
205,c,68.14326999999999,71.56626999999999,3.423000000000002,39.57959,46.57959,7.0
206, ,71.35626999999998,73.17626999999997,1.8199999999999932,39.57959,46.57959,7.0
207,î,72.96626999999998,74.45726999999998,1.4909999999999997,39.57959,46.57959,7.0
208,n,74.24726999999999,78.11826999999998,3.870999999999995,39.57959,46.57959,7.0
209, ,77.90826999999999,79.72826999999998,1.8199999999999932,39.57959,46.57959,7.0
210,l,79.51826999999999,81.00926999999999,1.4909999999999997,39.57959,46.57959,7.0
211,i,80.79926999999999,82.29026999999999,1.4909999999999997,39.57959,46.57959,7.0
212,m,82.08027,88.01626999999999,5.935999999999993,39.57959,46.57959,7.0
213,i,87.80627,89.29727,1.4909999999999997,39.57959,46.57959,7.0
214,t,89.08727,91.89427,2.807000000000002,39.57959,46.57959,7.0
215,a,91.54427000000001,95.58327000000001,4.0390000000000015,39.57959,46.57959,7.0
216, ,95.37327000000002,97.19327000000001,1.8199999999999932,39.57959,46.57959,7.0
217,s,96.98327000000002,99.90227000000002,2.918999999999997,39.57959,46.57959,7.0
218,t,99.55927000000003,102.36627000000003,2.807000000000002,39.57959,46.57959,7.0
219,o,102.01627000000003,106.08327000000003,4.066999999999993,39.57959,46.57959,7.0
220,c,105.87327000000003,109.29627000000004,3.423000000000002,39.57959,46.57959,7.0
221,u,109.08627000000004,112.96427000000004,3.878,39.57959,46.57959,7.0
222,l,112.75427000000005,114.24527000000005,1.4909999999999997,39.57959,46.57959,7.0
223,u,114.03527000000005,117.91327000000005,3.878,39.57959,46.57959,7.0
224,i,117.70327000000006,119.19427000000006,1.4909999999999997,39.57959,46.57959,7.0
225, ,118.98427000000007,120.80427000000006,1.8199999999999932,39.57959,46.57959,7.0
226,d,120.59427000000007,124.70327000000006,4.108999999999995,39.57959,46.57959,7.0
227,i,124.49327000000007,125.98427000000007,1.4909999999999997,39.57959,46.57959,7.0
228,s,125.77427000000007,128.69327000000007,2.918999999999997,39.57959,46.57959,7.0
229,p,128.48327000000006,132.52227000000005,4.038999999999987,39.57959,46.57959,7.0
230,o,132.31227000000007,136.37927000000008,4.067000000000007,39.57959,46.57959,7.0
231,n,136.16927000000007,140.04027000000008,3.8710000000000093,39.57959,46.57959,7.0
232,i,139.83027000000007,141.32127000000008,1.4910000000000139,39.57959,46.57959,7.0
233,b,141.11127000000008,145.15027000000006,4.038999999999987,39.57959,46.57959,7.0
234,i,144.94027000000008,146.4312700000001,1.4910000000000139,39.57959,46.57959,7.0
235,l,146.2212700000001,147.7122700000001,1.4910000000000139,39.57959,46.57959,7.0
236,.,147.5022700000001,148.9022700000001,1.4000000000000057,39.57959,46.57959,7.0
237, ,148.6922700000001,150.5122700000001,1.8199999999999932,39.57959,46.57959,7.0
238,V,150.30227000000008,155.22327000000007,4.920999999999992,39.57959,46.57959,7.0
239,i,154.87327000000008,156.3642700000001,1.4910000000000139,39.57959,46.57959,7.0
240,n,156.15427000000008,160.0252700000001,3.8710000000000093,39.57959,46.57959,7.0
241,d,159.80827000000008,163.9172700000001,4.109000000000009,39.57959,46.57959,7.0
242,e,163.70727000000008,167.60627000000008,3.899000000000001,39.57959,46.57959,7.0
243,m,167.39627000000007,173.33227000000008,5.936000000000007,39.57959,46.57959,7.0
244, ,173.12227000000007,174.94227000000006,1.8199999999999932,39.57959,46.57959,7.0
245,î,174.73227000000006,176.22327000000007,1.4910000000000139,39.57959,46.57959,7.0
246,n,176.01327000000006,179.88427000000007,3.8710000000000093,39.57959,46.57959,7.0
247, ,179.67427000000006,181.49427000000006,1.8199999999999932,39.57959,46.57959,7.0
248,c,181.28427000000005,184.70727000000005,3.423000000000002,39.57959,46.57959,7.0
249,a,184.35027000000005,188.38927000000004,4.038999999999987,39.57959,46.57959,7.0
250,n,188.17927000000003,192.05027000000004,3.8710000000000093,39.57959,46.57959,7.0
251,t,191.64427000000003,194.45127000000002,2.806999999999988,39.57959,46.57959,7.0
252,i,194.24127000000001,195.73227000000003,1.4910000000000139,39.57959,46.57959,7.0
253,t,195.52227000000002,198.32927,2.806999999999988,39.57959,46.57959,7.0
254,ă,197.97927,202.01827,4.038999999999987,39.57959,46.57959,7.0
255,ț,201.80827,204.61526999999998,2.806999999999988,39.57959,46.57959,7.0
256,i,204.40526999999997,205.89627,1.4910000000000139,39.57959,46.57959,7.0
257, ,205.68626999999998,207.50626999999997,1.8199999999999932,39.57959,46.57959,7.0
258,d,207.29626999999996,211.40526999999997,4.109000000000009,39.57959,46.57959,7.0
259,e,211.19526999999997,215.09426999999997,3.899000000000001,39.57959,46.57959,7.0
260,s,214.88426999999996,217.80326999999997,2.919000000000011,39.57959,46.57959,7.0
261,t,217.46026999999995,220.26726999999994,2.806999999999988,39.57959,46.57959,7.0
262,i,220.05726999999993,221.54826999999995,1.4910000000000139,39.57959,46.57959,7.0
263,n,221.33826999999994,225.20926999999995,3.8710000000000093,39.57959,46.57959,7.0
264,a,224.99226999999993,229.03126999999992,4.038999999999987,39.57959,46.57959,7.0
265,t,228.8212699999999,231.6282699999999,2.806999999999988,39.57959,46.57959,7.0
266,e,231.2782699999999,235.1772699999999,3.899000000000001,39.57959,46.57959,7.0
267, ,234.9672699999999,236.7872699999999,1.8199999999999932,39.57959,46.57959,7.0
268,e,236.57726999999988,240.4762699999999,3.899000000000001,39.57959,46.57959,7.0
269,x,239.98626999999988,243.32526999999988,3.3389999999999986,39.57959,46.57959,7.0
270,c,242.76526999999987,246.18826999999987,3.423000000000002,39.57959,46.57959,7.0
271,l,245.97826999999987,247.46926999999988,1.4910000000000139,39.57959,46.57959,7.0
272,u,247.25926999999987,251.1372699999999,3.8780000000000143,39.57959,46.57959,7.0
273,s,250.92726999999988,253.8462699999999,2.919000000000011,39.57959,46.57959,7.0
274,i,253.63626999999988,255.1272699999999,1.4910000000000139,39.57959,46.57959,7.0
275,v,254.9172699999999,258.4592699999999,3.5420000000000016,39.57959,46.57959,7.0
276, ,258.24926999999985,260.06926999999985,1.8199999999999932,39.57959,46.57959,7.0
277,c,259.85926999999987,263.28226999999987,3.423000000000002,39.57959,46.57959,7.0
278,o,262.92526999999984,266.99226999999985,4.067000000000007,39.57959,46.57959,7.0
279,n,266.78226999999987,270.65326999999985,3.870999999999981,39.57959,46.57959,7.0
280,s,270.44326999999987,273.36226999999985,2.9189999999999827,39.57959,46.57959,7.0
281,u,273.0892699999999,276.96726999999987,3.877999999999986,39.57959,46.57959,7.0
282,m,276.7572699999999,282.69326999999987,5.935999999999979,39.57959,46.57959,7.0
283,u,282.4832699999999,286.3612699999999,3.877999999999986,39.57959,46.57959,7.0
284,l,286.1512699999999,287.6422699999999,1.4909999999999854,39.57959,46.57959,7.0
285,u,287.4322699999999,291.3102699999999,3.877999999999986,39.57959,46.57959,7.0
286,i,291.1002699999999,292.5912699999999,1.4909999999999854,39.57959,46.57959,7.0
287, ,292.3812699999999,294.2012699999999,1.8199999999999932,39.57959,46.57959,7.0
288,p,293.99126999999993,298.0302699999999,4.038999999999987,39.57959,46.57959,7.0
289,e,297.82026999999994,301.71926999999994,3.899000000000001,39.57959,46.57959,7.0
290,r,301.50926999999996,303.96626999999995,2.4569999999999936,39.57959,46.57959,7.0
291,s,303.55327,306.47227,2.9189999999999827,39.57959,46.57959,7.0
292,o,306.19227,310.25927,4.067000000000007,39.57959,46.57959,7.0
293,n,310.04927000000004,313.92027,3.870999999999981,39.57959,46.57959,7.0
294,a,313.70327000000003,317.74227,4.038999999999987,39.57959,46.57959,7.0
295,l,317.53227000000004,319.02327,1.4909999999999854,39.57959,46.57959,7.0
296,.,318.81327000000005,320.21327,1.3999999999999773,39.57959,46.57959,7.0
297, ,320.00327000000004,321.82327000000004,1.8199999999999932,39.57959,46.57959,7.0
298,T,321.61327000000006,325.9322700000001,4.319000000000017,39.57959,46.57959,7.0
299,o,324.8752700000001,328.9422700000001,4.067000000000007,39.57959,46.57959,7.0
300,a,328.73227000000014,332.77127000000013,4.038999999999987,39.57959,46.57959,7.0
301,t,332.56127000000015,335.36827000000017,2.8070000000000164,39.57959,46.57959,7.0
302,e,335.0182700000002,338.9172700000002,3.899000000000001,39.57959,46.57959,7.0
303, ,338.7072700000002,340.5272700000002,1.8199999999999932,39.57959,46.57959,7.0
304,i,340.31727000000024,341.8082700000002,1.4909999999999854,39.57959,46.57959,7.0
305,m,341.59827000000024,347.5342700000002,5.935999999999979,39.57959,46.57959,7.0
306,a,347.31727000000024,351.3562700000002,4.038999999999987,39.57959,46.57959,7.0
307,g,351.14627000000024,355.14327000000026,3.997000000000014,39.57959,46.57959,7.0
308,i,354.9332700000003,356.42427000000026,1.4909999999999854,39.57959,46.57959,7.0
309,n,356.2142700000003,360.08527000000026,3.870999999999981,39.57959,46.57959,7.0
310,i,359.8752700000003,361.36627000000027,1.4909999999999854,39.57959,46.57959,7.0
311,l,361.1562700000003,362.6472700000003,1.4909999999999854,39.57959,46.57959,7.0
312,e,362.4372700000003,366.3362700000003,3.899000000000001,39.57959,46.57959,7.0
313, ,366.1262700000003,367.9462700000003,1.8199999999999932,39.57959,46.57959,7.0
314,s,367.73627000000033,370.6552700000003,2.9189999999999827,39.57959,46.57959,7.0
315,u,370.38227000000035,374.26027000000033,3.877999999999986,39.57959,46.57959,7.0
316,n,374.05027000000035,377.92127000000033,3.870999999999981,39.57959,46.57959,7.0
317,t,377.5152700000003,380.32227000000034,2.8070000000000164,39.57959,46.57959,7.0
318, ,380.11227000000036,381.93227000000036,1.8199999999999932,39.57959,46.57959,7.0
319,c,381.7222700000004,385.1452700000004,3.423000000000002,39.57959,46.57959,7.0
320,u,384.9352700000004,388.8132700000004,3.877999999999986,39.57959,46.57959,7.0
321, ,388.6032700000004,390.4232700000004,1.8199999999999932,39.57959,46.57959,7.0
322,t,390.2132700000004,393.02027000000044,2.8070000000000164,39.57959,46.57959,7.0
323,i,392.81027000000046,394.30127000000044,1.4909999999999854,39.57959,46.57959,7.0
324,t,394.09127000000046,396.8982700000005,2.8070000000000164,39.57959,46.57959,7.0
325,l,396.6882700000005,398.1792700000005,1.4909999999999854,39.57959,46.57959,7.0
326,u,397.9692700000005,401.8472700000005,3.877999999999986,39.57959,46.57959,7.0
327, ,401.6372700000005,403.4572700000005,1.8199999999999932,39.57959,46.57959,7.0
328,d,403.2472700000005,407.3562700000005,4.1089999999999804,39.57959,46.57959,7.0
329,e,407.1462700000005,411.0452700000005,3.899000000000001,39.57959,46.57959,7.0
330, ,410.83527000000055,412.65527000000054,1.8199999999999932,39.57959,46.57959,7.0
331,p,412.44527000000056,416.48427000000055,4.038999999999987,39.57959,46.57959,7.0
332,r,416.27427000000057,418.73127000000056,2.4569999999999936,39.57959,46.57959,7.0
333,e,418.25527000000056,422.15427000000057,3.899000000000001,39.57959,46.57959,7.0
334,z,421.8042700000006,425.1432700000006,3.3389999999999986,39.57959,46.57959,7.0
335,e,424.73027000000064,428.62927000000064,3.899000000000001,39.57959,46.57959,7.0
336,n,428.41927000000067,432.29027000000065,3.870999999999981,39.57959,46.57959,7.0
337,t,431.88427000000064,434.69127000000066,2.8070000000000164,39.57959,46.57959,7.0
338,a,434.3412700000007,438.3802700000007,4.038999999999987,39.57959,46.57959,7.0
339,r,438.1702700000007,440.6272700000007,2.4569999999999936,39.57959,46.57959,7.0
340,e,440.1512700000007,444.0502700000007,3.899000000000001,39.57959,46.57959,7.0
341,.,443.70727000000073,445.1072700000007,1.3999999999999773,39.57959,46.57959,7.0
342, ,445.1072700000007,446.9272700000007,1.8199999999999932,39.57959,46.57959,7.0
343,O,14.17327,19.93427,5.761000000000001,31.57859,38.57859,7.0
344,f,19.661270000000002,22.52427,2.8629999999999995,31.57859,38.57859,7.0
345,e,21.978270000000002,25.877270000000003,3.899000000000001,31.57859,38.57859,7.0
346,r,25.667270000000002,28.124270000000003,2.4570000000000007,31.57859,38.57859,7.0
347,t,27.914270000000002,30.721270000000004,2.807000000000002,31.57859,38.57859,7.0
348,a,30.371270000000003,34.410270000000004,4.0390000000000015,31.57859,38.57859,7.0
349, ,34.20027,36.020270000000004,1.8200000000000003,31.57859,38.57859,7.0
350,d,35.81027,39.919270000000004,4.109000000000002,31.57859,38.57859,7.0
351,i,39.709270000000004,41.20027,1.4909999999999997,31.57859,38.57859,7.0
352,s,40.99027,43.90927,2.918999999999997,31.57859,38.57859,7.0
353,p,43.69927,47.73827,4.0390000000000015,31.57859,38.57859,7.0
354,o,47.52827,51.59527,4.067,31.57859,38.57859,7.0
355,n,51.38527,55.25627,3.871000000000002,31.57859,38.57859,7.0
356,i,55.04627,56.53727,1.4909999999999997,31.57859,38.57859,7.0
357,b,56.32727,60.36627,4.0390000000000015,31.57859,38.57859,7.0
358,i,60.15627,61.64727,1.4909999999999997,31.57859,38.57859,7.0
359,l,61.43727,62.92827,1.4909999999999997,31.57859,38.57859,7.0
360,ă,62.71827,66.75726999999999,4.038999999999994,31.57859,38.57859,7.0
361, ,66.54727,68.36726999999999,1.8199999999999932,31.57859,38.57859,7.0
362,ș,68.15727,71.07627,2.918999999999997,31.57859,38.57859,7.0
363,i,70.86626999999999,72.35726999999999,1.4909999999999997,31.57859,38.57859,7.0
364, ,72.14726999999999,73.96726999999998,1.8199999999999932,31.57859,38.57859,7.0
365,p,73.75726999999999,77.79626999999999,4.0390000000000015,31.57859,38.57859,7.0
366,e,77.58626999999998,81.48526999999999,3.899000000000001,31.57859,38.57859,7.0
367, ,81.27527,83.09527,1.8199999999999932,31.57859,38.57859,7.0
368,w,82.88527,88.21927000000001,5.334000000000003,31.57859,38.57859,7.0
369,w,88.00927,93.34327,5.334000000000003,31.57859,38.57859,7.0
370,w,93.13327000000001,98.46727000000001,5.334000000000003,31.57859,38.57859,7.0
371,.,97.87227,99.54527,1.6730000000000018,31.57859,38.57859,7.0
372,k,99.33527000000001,103.10827,3.772999999999996,31.57859,38.57859,7.0
373,a,102.54897,106.76997,4.221000000000004,31.57859,38.57859,7.0
374,u,106.55996999999999,110.61997,4.060000000000002,31.57859,38.57859,7.0
375,f,110.40997,113.47597,3.0660000000000025,31.57859,38.57859,7.0
376,l,113.26597,115.07197,1.8059999999999974,31.57859,38.57859,7.0
377,a,114.86196999999999,119.08296999999999,4.221000000000004,31.57859,38.57859,7.0
378,n,118.87296999999998,122.92596999999998,4.052999999999997,31.57859,38.57859,7.0
379,d,122.68096999999999,126.92996999999998,4.248999999999995,31.57859,38.57859,7.0
380,.,126.71996999999999,128.39297,1.6730000000000018,31.57859,38.57859,7.0
381,r,128.18296999999998,131.07396999999997,2.890999999999991,31.57859,38.57859,7.0
382,o,130.66097,134.82596999999998,4.164999999999992,31.57859,38.57859,7.0
383,O,213.62717,237.983733,24.356562999999994,772.78784,802.8948399999999,30.10699999999997
384,F,238.284803,256.07804,17.793236999999976,772.78784,802.8948399999999,30.10699999999997
385,E,256.37911,274.413203,18.034092999999984,772.78784,802.8948399999999,30.10699999999997
386,R,274.68417292461,295.00639792461,20.322225000000003,772.78784,802.8948399999999,30.10699999999997
387,T,294.58489781712,314.39530381712,19.810406,772.78784,802.8948399999999,30.10699999999997
388,Ă,311.17385391390997,333.84442491390996,22.670570999999995,772.78784,802.8948399999999,30.10699999999997
389, ,333.99496503209997,341.82278503209994,7.827819999999974,772.78784,802.8948399999999,30.10699999999997
390,A,341.8227850321,364.4933560321,22.670570999999995,772.78784,802.8948399999999,30.10699999999997
391,N,364.7944260321,386.7725360321,21.978110000000015,772.78784,802.8948399999999,30.10699999999997
392,I,387.0736060321,396.7379530321,9.66434700000002,772.78784,802.8948399999999,30.10699999999997
393,V,397.0390230321,419.10745403209995,22.068430999999975,772.78784,802.8948399999999,30.10699999999997
394,E,419.4085240321,437.4426170321,18.034092999999984,772.78784,802.8948399999999,30.10699999999997
395,R,437.7436870321,458.0659120321,20.322225000000003,772.78784,802.8948399999999,30.10699999999997
396,S,458.0659120321,476.28064703210003,18.21473500000002,772.78784,802.8948399999999,30.10699999999997
397,A,475.55808716099,498.22865816099,22.670570999999995,772.78784,802.8948399999999,30.10699999999997
398,R,498.52972816099,518.85195316099,20.322225000000003,772.78784,802.8948399999999,30.10699999999997
399,Ă,519.0627030641999,541.7332740641999,22.670570999999995,772.78784,802.8948399999999,30.10699999999997
400,v,359.63107,364.7831052,5.1520352,761.42993,770.93553,9.505599999999959
401,a,364.715615154832,370.447491954832,5.731876800000009,761.42993,770.93553,9.505599999999959
402,l,370.652811964272,373.10525676427204,2.4524448000000234,761.42993,770.93553,9.505599999999959
403,a,373.26304677753603,378.99492357753604,5.731876800000009,761.42993,770.93553,9.505599999999959
404,b,379.20119357664004,384.92356477664003,5.722371199999998,761.42993,770.93553,9.505599999999959
405,i,385.07280478787203,387.51574398787204,2.442939200000012,761.42993,770.93553,9.505599999999959
406,l,387.714413974608,390.16685877460804,2.4524448000000234,761.42993,770.93553,9.505599999999959
407,ă,390.34460874180803,396.07648554180804,5.731876800000009,761.42993,770.93553,9.505599999999959
408, ,396.07648554180804,398.54794154180803,2.471455999999989,761.42993,770.93553,9.505599999999959
409,î,398.54794154180803,400.99088074180804,2.442939200000012,761.42993,770.93553,9.505599999999959
410,n,401.20000070990403,406.70374310990405,5.5037424000000215,761.42993,770.93553,9.505599999999959
411, ,406.703743109904,409.175199109904,2.471455999999989,761.42993,770.93553,9.505599999999959
412,p,409.17519910990404,414.89757030990404,5.722371199999998,761.42993,770.93553,9.505599999999959
413,e,415.02019026856,420.33382066856,5.313630400000022,761.42993,770.93553,9.505599999999959
414,r,420.514430680688,424.440243480688,3.925812800000017,761.42993,770.93553,9.505599999999959
415,i,424.532443523168,426.975382723168,2.442939200000012,761.42993,770.93553,9.505599999999959
416,o,427.115112761824,432.77094476182396,5.655831999999975,761.42993,770.93553,9.505599999999959
417,a,432.89356472048,438.62544152048,5.731876800000009,761.42993,770.93553,9.505599999999959
418,d,438.797491549696,444.567390749696,5.769899199999998,761.42993,770.93553,9.505599999999959
419,a,444.739440778912,450.471317578912,5.731876800000009,761.42993,770.93553,9.505599999999959
420,:,450.667137596656,452.938975996656,2.2718383999999787,761.42993,770.93553,9.505599999999959
421, ,452.938975996656,455.410431996656,2.471455999999989,761.42993,770.93553,9.505599999999959
422,1,455.410431996656,459.535862396656,4.1254304000000275,761.42993,770.93553,9.505599999999959
423,4,459.67179238159997,465.4987251816,5.826932800000009,761.42993,770.93553,9.505599999999959
424,.,465.73066514856,468.00250354855996,2.2718383999999787,761.42993,770.93553,9.505599999999959
425,1,467.66695358721597,471.792383987216,4.1254304000000275,761.42993,770.93553,9.505599999999959
426,0,472.07945396272,477.71627476272,5.6368208000000095,761.42993,770.93553,9.505599999999959
427, ,477.71627476272,480.18773076272,2.471455999999989,761.42993,770.93553,9.505599999999959
428,-,480.18773076272,483.82837556272,3.640644800000018,761.42993,770.93553,9.505599999999959
429, ,483.82837556272,486.29983156272,2.471455999999989,761.42993,770.93553,9.505599999999959
430,2,486.29983156272,491.87011316272,5.570281599999987,761.42993,770.93553,9.505599999999959
431,0,492.09254315710393,497.72936395710394,5.6368208000000095,761.42993,770.93553,9.505599999999959
432,.,497.849133946768,500.120972346768,2.2718383999999787,761.42993,770.93553,9.505599999999959
433,1,499.784472300704,503.90990270070404,4.1254304000000275,761.42993,770.93553,9.505599999999959
434,0,504.196972676208,509.83379347620803,5.6368208000000095,761.42993,770.93553,9.505599999999959
435,.,509.953563465872,512.225401865872,2.2718383999999787,761.42993,770.93553,9.505599999999959
436,2,512.638891853744,518.209173453744,5.570281600000044,761.42993,770.93553,9.505599999999959
437,0,518.431603448128,524.068424248128,5.6368208000000095,761.42993,770.93553,9.505599999999959
438,2,524.170134263184,529.740415863184,5.570281600000044,761.42993,770.93553,9.505599999999959
439,0,529.962845857568,535.599666657568,5.6368208000000095,761.42993,770.93553,9.505599999999959
440,*,535.695676639584,540.248859039584,4.553182399999969,761.42993,770.93553,9.505599999999959
441,d,199.84257,218.26256999999998,18.419999999999987,606.16308,636.16308,30.0
442,e,218.26256999999998,235.06257,16.80000000000001,606.16308,636.16308,30.0
443, ,235.06257,242.86257,7.800000000000011,606.16308,636.16308,30.0
444,p,242.86257,261.19257,18.329999999999984,606.16308,636.16308,30.0
445,r,261.19257,274.24257,13.050000000000011,606.16308,636.16308,30.0
446,e,273.49257,290.29257,16.80000000000001,606.16308,636.16308,30.0
447,m,290.29256999999996,316.63256999999993,26.339999999999975,606.16308,636.16308,30.0
448,i,316.63257,324.82257,8.189999999999998,606.16308,636.16308,30.0
449,i,324.82257,333.01257,8.189999999999998,606.16308,636.16308,30.0
450,P,211.75256,231.46256,19.710000000000008,736.57305,766.57305,30.0
451,e,230.08256,246.88256,16.80000000000001,736.57305,766.57305,30.0
452,s,246.88255999999998,260.89256,14.01000000000002,736.57305,766.57305,30.0
453,t,260.50256,273.94256,13.439999999999998,736.57305,766.57305,30.0
454,e,273.34256,290.14256,16.80000000000001,736.57305,766.57305,30.0
455,",",349.35068,350.92808,1.5774000000000115,47.57959,54.179590000000005,6.600000000000001
456, ,350.73008,352.44608,1.7160000000000082,47.57959,54.179590000000005,6.600000000000001
457,1,352.24808,355.11248,2.864399999999989,47.57959,54.179590000000005,6.600000000000001
458,2,354.91448,358.78208,3.8675999999999817,47.57959,54.179590000000005,6.600000000000001
459,-,358.58408000000003,361.11188000000004,2.5278000000000134,47.57959,54.179590000000005,6.600000000000001
460,1,360.91388,363.77828,2.864399999999989,47.57959,54.179590000000005,6.600000000000001
461,3,363.54728,367.46768,3.9203999999999724,47.57959,54.179590000000005,6.600000000000001
462, ,367.26968,368.98568,1.7160000000000082,47.57959,54.179590000000005,6.600000000000001
463,o,368.78768,372.71468000000004,3.927000000000021,47.57959,54.179590000000005,6.600000000000001
464,c,372.51668,375.77048,3.2538000000000125,47.57959,54.179590000000005,6.600000000000001
465,t,375.53948,378.41708,2.8775999999999726,47.57959,54.179590000000005,6.600000000000001
466,o,378.08708,382.01408000000004,3.927000000000021,47.57959,54.179590000000005,6.600000000000001
467,m,381.81608,387.55808,5.742000000000019,47.57959,54.179590000000005,6.600000000000001
468,b,387.36008000000004,391.33328000000006,3.97320000000002,47.57959,54.179590000000005,6.600000000000001
469,r,391.13528,393.86108,2.7257999999999925,47.57959,54.179590000000005,6.600000000000001
470,i,393.66308000000004,395.35928,1.6961999999999762,47.57959,54.179590000000005,6.600000000000001
471,e,395.16128000000003,398.85068,3.689399999999978,47.57959,54.179590000000005,6.600000000000001
472,‘,398.65268000000003,400.26308000000006,1.610400000000027,47.57959,54.179590000000005,6.600000000000001
473,‘,400.06508,401.67548000000005,1.610400000000027,47.57959,54.179590000000005,6.600000000000001
474, ,401.47748,403.19348,1.7160000000000082,47.57959,54.179590000000005,6.600000000000001
475,ș,402.99548,405.99188,2.996399999999994,47.57959,54.179590000000005,6.600000000000001
476,i,405.79388,407.49008,1.6961999999999762,47.57959,54.179590000000005,6.600000000000001
477, ,407.29208,409.00808,1.7160000000000082,47.57959,54.179590000000005,6.600000000000001
478,„,408.81008,411.56228000000004,2.752200000000016,47.57959,54.179590000000005,6.600000000000001
479,D,411.36428,416.21528,4.850999999999999,47.57959,54.179590000000005,6.600000000000001
480,e,415.98428,419.67368,3.689399999999978,47.57959,54.179590000000005,6.600000000000001
481, ,419.47568,421.19168,1.7160000000000082,47.57959,54.179590000000005,6.600000000000001
482,l,420.99368000000004,422.69648000000007,1.7028000000000247,47.57959,54.179590000000005,6.600000000000001
483,u,422.49848000000003,426.32648,3.8279999999999745,47.57959,54.179590000000005,6.600000000000001
484,n,426.12848,429.94988,3.821399999999983,47.57959,54.179590000000005,6.600000000000001
485,i,429.75188,431.44808,1.6961999999999762,47.57959,54.179590000000005,6.600000000000001
486,",",431.25008,432.82748000000004,1.5774000000000115,47.57959,54.179590000000005,6.600000000000001
487, ,432.62948,434.34548,1.7160000000000082,47.57959,54.179590000000005,6.600000000000001
488,1,434.14748000000003,437.01188,2.864399999999989,47.57959,54.179590000000005,6.600000000000001
489,9,436.81388000000004,440.75408000000004,3.9402000000000044,47.57959,54.179590000000005,6.600000000000001
490,.,440.55608,442.13348,1.5774000000000115,47.57959,54.179590000000005,6.600000000000001
491,1,441.93548,444.79988,2.864399999999989,47.57959,54.179590000000005,6.600000000000001
492,0,444.60188,448.51568,3.9137999999999806,47.57959,54.179590000000005,6.600000000000001
493, ,448.31768,450.03368,1.7160000000000082,47.57959,54.179590000000005,6.600000000000001
494,p,449.83568,453.80888000000004,3.97320000000002,47.57959,54.179590000000005,6.600000000000001
495,â,453.61088,457.59068,3.9798000000000116,47.57959,54.179590000000005,6.600000000000001
496,n,457.39268000000004,461.21408,3.821399999999983,47.57959,54.179590000000005,6.600000000000001
497,ă,460.98308000000003,464.96288000000004,3.9798000000000116,47.57959,54.179590000000005,6.600000000000001
498, ,464.76488,466.48088,1.7160000000000082,47.57959,54.179590000000005,6.600000000000001
499,d,466.28288,470.28907999999996,4.0061999999999784,47.57959,54.179590000000005,6.600000000000001
500,u,470.09108000000003,473.91908,3.8279999999999745,47.57959,54.179590000000005,6.600000000000001
501,m,473.72108000000003,479.46308000000005,5.742000000000019,47.57959,54.179590000000005,6.600000000000001
502,i,479.26508,480.96128,1.6961999999999762,47.57959,54.179590000000005,6.600000000000001
503,n,480.76328,484.58468,3.821399999999983,47.57959,54.179590000000005,6.600000000000001
504,i,484.38667,486.08286999999996,1.6961999999999762,47.57959,54.179590000000005,6.600000000000001
505,c,485.88487,489.13867,3.2538000000000125,47.57959,54.179590000000005,6.600000000000001
506,ă,488.77568,492.75548000000003,3.9798000000000116,47.57959,54.179590000000005,6.600000000000001
507,",",492.55748,494.13488,1.5774000000000115,47.57959,54.179590000000005,6.600000000000001
508, ,493.93688,495.65288,1.7160000000000082,47.57959,54.179590000000005,6.600000000000001
509,2,495.45488,499.32248,3.8675999999999817,47.57959,54.179590000000005,6.600000000000001
510,5,499.09148000000005,502.97888000000006,3.8874000000000137,47.57959,54.179590000000005,6.600000000000001
511,.,502.78089,504.35829,1.5774000000000115,47.57959,54.179590000000005,6.600000000000001
512,1,504.16028,507.02468,2.864399999999989,47.57959,54.179590000000005,6.600000000000001
513,0,506.82668,510.74048,3.9137999999999806,47.57959,54.179590000000005,6.600000000000001
514,.,510.54248,512.11988,1.5773999999999546,47.57959,54.179590000000005,6.600000000000001
515,2,511.92188,515.78948,3.8676000000000386,47.57959,54.179590000000005,6.600000000000001
516,0,515.5584699999999,519.47227,3.9138000000000375,47.57959,54.179590000000005,6.600000000000001
517,2,519.14227,523.0098700000001,3.8676000000000386,47.57959,54.179590000000005,6.600000000000001
518,0,522.77889,526.6926900000001,3.9138000000000375,47.57959,54.179590000000005,6.600000000000001
519,‘,526.49468,528.10508,1.610400000000027,47.57959,54.179590000000005,6.600000000000001
520,‘,527.90708,529.51748,1.610400000000027,47.57959,54.179590000000005,6.600000000000001
521,.,529.31947,530.89687,1.5774000000000115,47.57959,54.179590000000005,6.600000000000001
522, ,530.89688,532.61288,1.7160000000000082,47.57959,54.179590000000005,6.600000000000001
523,8,373.07895,389.44095000000004,16.362000000000023,343.36618,370.36618,27.0
524,b,368.21466,373.56966,5.355000000000018,332.56619,341.56619,9.0
525,u,373.56966,378.71766,5.148000000000025,332.56619,341.56619,9.0
526,c,378.71765999999997,383.14565999999996,4.427999999999997,332.56619,341.56619,9.0
527,ă,382.92965999999996,388.28466,5.355000000000018,332.56619,341.56619,9.0
528,ț,388.28466,392.10965999999996,3.8249999999999886,332.56619,341.56619,9.0
529,i,392.10965999999996,394.30566,2.1960000000000264,332.56619,341.56619,9.0
530,5,419.22537,445.9146244,26.68925439999998,75.18089,119.07769,43.8968
531,9,443.807574488256,470.891900088256,27.0843256,75.18089,119.07769,43.8968
532,",",470.89190008825597,482.48065528825595,11.58875519999998,75.18089,119.07769,43.8968
533,9,482.480655288256,509.564980888256,27.0843256,75.18089,119.07769,43.8968
534,9,509.564980888256,536.649306488256,27.0843256,75.18089,119.07769,43.8968
535,-,465.959916,471.5238869342937,5.563970934293707,132.055519,151.51449951259198,19.458980512591978
536,2,474.15014064104867,483.5362169763941,9.386076335345422,132.77204804114285,152.565408822676,19.793360781533153
537,0,485.08926999195404,494.60714306526677,9.517873073312728,133.72906744027603,153.53395857591062,19.80489113563459
538,%,496.25430100000005,511.5900586492979,15.335757649297818,134.70586,155.01973390954012,20.31387390954012
539,7,464.46597,474.45797500000003,9.992005000000006,110.43558,127.81298000000001,17.37740000000001
540,4,472.91138500980804,483.56373120980805,10.65234620000001,110.43558,127.81298000000001,17.37740000000001
541,",",483.56373120980805,487.71692980980805,4.153198599999996,110.43558,127.81298000000001,17.37740000000001
542,9,487.71692980980805,498.09123760980805,10.374307799999997,110.43558,127.81298000000001,17.37740000000001
543,9,498.09123760980805,508.46554540980804,10.374307799999997,110.43558,127.81298000000001,17.37740000000001
544,1,422.44897,443.4316404,20.982670400000018,378.93637,422.83317,43.896799999999985
545,4,443.4316404,470.7793468,27.347706399999993,378.93637,422.83317,43.896799999999985
546,",",470.7793468,482.36810199999996,11.58875519999998,378.93637,422.83317,43.896799999999985
547,9,482.36810199999996,509.45242759999996,27.0843256,378.93637,422.83317,43.896799999999985
548,9,509.45242759999996,536.5367532,27.084325600000057,378.93637,422.83317,43.896799999999985
549,-,468.268412,473.8323829342937,5.563970934293707,435.877006,455.335986512592,19.458980512592007
550,3,476.45863667392246,485.9953378526591,9.536701178736621,436.59353504401884,456.40007337309646,19.806538329077625
551,7,486.9835483032191,496.1625154789016,9.178967175682487,437.5143162396965,457.289557893356,19.77524165365952
552,%,497.809672,513.1454296492977,15.335757649297761,438.461479,458.7753529095401,20.31387390954012
553,2,464.87457,475.0577264,10.183156399999973,414.19107,431.56847000000005,17.377400000000023
554,3,474.797066442644,485.119242042644,10.32217559999998,414.19107,431.56847000000005,17.377400000000023
555,",",485.11924204264403,489.272440642644,4.153198599999996,414.19107,431.56847000000005,17.377400000000023
556,9,489.272440642644,499.646748442644,10.374307799999997,414.19107,431.56847000000005,17.377400000000023
557,9,499.646748442644,510.021056242644,10.374307799999997,414.19107,431.56847000000005,17.377400000000023
558, ,106.55407,111.23407,4.680000000000007,391.60428,409.60428,18.0
559,-,99.65938,106.55338,6.8940000000000055,391.60428,409.60428,18.0
560,3,108.15623008,118.84823008000001,10.692000000000007,391.60428,409.60428,18.0
561,7,118.21817008,128.56817008,10.349999999999994,391.60428,409.60428,18.0
562,%,128.56817002,144.80417002,16.23599999999999,391.60428,409.60428,18.0
563,1,106.30227,119.20827,12.906000000000006,339.22177,366.22177,27.0
564,",",119.20827,126.33627,7.128,339.22177,366.22177,27.0
565,9,126.33626999999998,142.99526999999998,16.658999999999992,339.22177,366.22177,27.0
566,9,142.99527,159.65427,16.658999999999992,339.22177,366.22177,27.0
567,3,84.81647,94.32047,9.504000000000005,368.84369,384.84369,16.0
568,",",94.32047,98.14447,3.823999999999998,368.84369,384.84369,16.0
569,1,98.14447,105.08847,6.944000000000003,368.84369,384.84369,16.0
570,9,105.08847,114.64047,9.551999999999992,368.84369,384.84369,16.0
571, ,113.13307,117.963922,4.830851999999993,182.51398,201.09418,18.58019999999999
572,-,106.01685,113.1330666,7.116216600000001,182.51398,201.09418,18.58019999999999
573,2,114.786706646278,125.674703846278,10.887997200000001,182.51398,201.09418,18.58019999999999
574,7,125.210193846278,135.893808846278,10.683615000000003,182.51398,201.09418,18.58019999999999
575,%,135.89380886293202,152.65314926293203,16.759340400000013,182.51398,201.09418,18.58019999999999
576, ,295.20328,299.469906,4.266625999999974,126.93648,143.34658000000002,16.410100000000014
577,-,288.91821,295.20327829999997,6.285068299999978,126.93648,143.34658000000002,16.410100000000014
578,3,296.66377820769696,306.411377607697,9.747599400000013,126.93648,143.34658000000002,16.410100000000014
579,2,306.165227607697,315.781546207697,9.6163186,126.93648,143.34658000000002,16.410100000000014
580,%,315.78154623078797,330.583456430788,14.801910200000009,126.93648,143.34658000000002,16.410100000000014
581,2,110.30217,127.3866639,17.0844939,128.44849,156.31878999999998,27.870299999999986
582,",",127.3866639,134.7444231,7.357759200000004,128.44849,156.31878999999998,27.870299999999986
583,6,134.7444231,151.9403982,17.1959751,128.44849,156.31878999999998,27.870299999999986
584,9,150.769848108327,167.965823208327,17.1959751,128.44849,156.31878999999998,27.870299999999986
585,8,291.83105,306.9939516,15.162901599999998,78.55909,103.17419,24.615099999999998
586,",",306.9939516,313.492338,6.498386400000015,78.55909,103.17419,24.615099999999998
587,9,313.492338,328.6798547,15.187516700000003,78.55909,103.17419,24.615099999999998
588,9,328.6798547,343.8673714,15.187516700000003,78.55909,103.17419,24.615099999999998
589,3,90.71817,100.5284958,9.810325800000001,159.02219,175.53789,16.51570000000001
590,",",100.5284958,104.4757481,3.9472523000000024,159.02219,175.53789,16.51570000000001
591,6,104.4757481,114.335621,9.8598729,159.02219,175.53789,16.51570000000001
592,9,113.592411031703,123.452283931703,9.8598729,159.02219,175.53789,16.51570000000001
593, ,295.66446,299.931086,4.266625999999974,494.31277,510.72287,16.4101
594,-,289.37939,295.6644583,6.285068299999978,494.31277,510.72287,16.4101
595,3,297.124958230788,306.87255763078804,9.747599400000013,494.31277,510.72287,16.4101
596,1,306.380257630788,313.50224103078796,7.121983399999976,494.31277,510.72287,16.4101
597,%,313.50224107697,328.30415127697,14.801910200000009,494.31277,510.72287,16.4101
598, ,294.14657,298.41319599999997,4.266625999999974,325.10519,341.51529,16.4101
599,-,287.86151,294.1465783,6.285068299999978,325.10519,341.51529,16.4101
600,2,295.607078184606,305.223396784606,9.6163186,325.10519,341.51529,16.4101
601,9,305.223396784606,315.020226484606,9.79682969999999,325.10519,341.51529,16.4101
602,%,315.020226484606,329.822136684606,14.801910200000009,325.10519,341.51529,16.4101
603, ,484.96936,489.23598599999997,4.266625999999974,294.07727,310.48737,16.4101
604,-,478.68429,484.96935829999995,6.285068299999978,294.07727,310.48737,16.4101
605,5,486.42985821539395,496.0954071153939,9.665548899999976,294.07727,310.48737,16.4101
606,5,495.767207115394,505.432756015394,9.665548899999976,294.07727,310.48737,16.4101
607,%,505.43275604618196,520.234666246182,14.801910200000009,294.07727,310.48737,16.4101
608,2,290.99606,306.0851163,15.089056299999982,446.56198,471.17708,24.615099999999984
609,",",306.0851163,312.5835027,6.498386400000015,446.56198,471.17708,24.615099999999984
610,9,312.5835027,327.7710194,15.187516700000003,446.56198,471.17708,24.615099999999984
611,9,327.7710194,342.9585361,15.187516700000003,446.56198,471.17708,24.615099999999984
612,7,291.09454,306.0851359,14.990595900000017,277.35779,301.97289,24.615099999999984
613,",",306.0851359,312.5835223,6.498386400000015,277.35779,301.97289,24.615099999999984
614,9,312.5835223,327.77103900000003,15.187516700000003,277.35779,301.97289,24.615099999999984
615,9,327.771039,342.9585557,15.187516700000003,277.35779,301.97289,24.615099999999984
616,7,482.4277,497.41829590000003,14.990595900000017,246.31814,270.93324,24.615100000000012
617,",",497.41829590000003,503.91668230000005,6.498386400000015,246.31814,270.93324,24.615100000000012
618,4,503.91668230000005,519.2518896,15.33520729999998,246.31814,270.93324,24.615100000000012
619,9,518.390359623094,533.577876323094,15.187516699999946,246.31814,270.93324,24.615100000000012
620,4,274.73306,283.67470710000003,8.941647100000012,473.56469,488.15139,14.586700000000008
621,",",283.67470710000003,287.16092840000005,3.486221300000011,473.56469,488.15139,14.586700000000008
622,3,287.16092840000005,295.82542820000003,8.664499799999987,473.56469,488.15139,14.586700000000008
623,9,295.314898221877,304.023158121877,8.708259899999973,473.56469,488.15139,14.586700000000008
624,1,274.73306,281.0636878,6.330627800000002,304.35718,318.94388000000004,14.586700000000008
625,1,281.0636878,287.3943156,6.330627800000002,304.35718,318.94388000000004,14.586700000000008
626,",",287.3943156,290.88053690000004,3.486221300000011,304.35718,318.94388000000004,14.586700000000008
627,2,290.88053690000004,299.42834310000006,8.547806200000025,304.35718,318.94388000000004,14.586700000000008
628,9,299.4283431,308.136603,8.708259899999973,304.35718,318.94388000000004,14.586700000000008
629,1,465.35067,471.6812978,6.330627800000002,273.32928,287.91598,14.586700000000008
630,6,471.6812978,480.38955769999995,8.708259899999973,273.32928,287.91598,14.586700000000008
631,",",480.38955769999995,483.87577899999997,3.486221300000011,273.32928,287.91598,14.586700000000008
632,9,483.87577899999997,492.58403889999994,8.708259899999973,273.32928,287.91598,14.586700000000008
633,9,492.5840389,501.29229879999997,8.708259899999973,273.32928,287.91598,14.586700000000008
634,1,275.64206,281.9726878,6.330627800000002,105.56179,120.14849000000001,14.586700000000008
635,3,281.899757800808,290.564257600808,8.664499799999987,105.56179,120.14849000000001,14.586700000000008
636,",",290.564257600808,294.050478900808,3.486221300000011,105.56179,120.14849000000001,14.586700000000008
637,2,294.050478900808,302.598285100808,8.547806200000025,105.56179,120.14849000000001,14.586700000000008
638,9,302.598285100808,311.306545000808,8.708259899999973,105.56179,120.14849000000001,14.586700000000008
639,P,15.83327,26.53727,10.703999999999999,640.57812,656.57812,16.0
640,r,26.47327,33.72127,7.2479999999999976,640.57812,656.57812,16.0
641,i,33.721270000000004,38.297270000000005,4.5760000000000005,640.57812,656.57812,16.0
642,n,38.297270000000005,47.833270000000006,9.536000000000001,640.57812,656.57812,16.0
643,d,47.70527,57.62527,9.920000000000002,640.57812,656.57812,16.0
644,e,57.62527,66.60127,8.975999999999999,640.57812,656.57812,16.0
645, ,66.60127,70.76127,4.159999999999997,640.57812,656.57812,16.0
646,o,70.76127,80.40926999999999,9.647999999999996,640.57812,656.57812,16.0
647,f,80.16927,87.46527,7.2960000000000065,640.57812,656.57812,16.0
648,e,86.93567,95.91167,8.975999999999999,640.57812,656.57812,16.0
649,r,95.91167,103.15967,7.248000000000005,640.57812,656.57812,16.0
650,t,103.15967,110.50367,7.343999999999994,640.57812,656.57812,16.0
651,e,110.18367,119.15967,8.975999999999999,640.57812,656.57812,16.0
652,l,119.15967,123.75167,4.591999999999999,640.57812,656.57812,16.0
653,e,123.75167,132.72767000000002,8.976000000000013,640.57812,656.57812,16.0
654, ,132.72767000000002,136.88767,4.159999999999997,640.57812,656.57812,16.0
655,d,136.88767,146.80767,9.919999999999987,640.57812,656.57812,16.0
656,e,146.80767,155.78367,8.975999999999999,640.57812,656.57812,16.0
657,1,29.761568999999998,36.274842472,6.513273472000005,592.632378,609.126895888,16.49451788800002
658,2,37.390938472,46.058950184000004,8.668011712000002,593.165871888,609.8110627359999,16.64519084799997
659,-,47.175046183999996,52.10817828,4.933132096000001,593.850038736,610.23406312,16.384024383999986
660,1,53.22427428,59.737547752000005,6.513273472000002,594.27303912,610.767557008,16.49451788800002
661,3,60.821721704,69.537616488,8.715894784,594.804300816,611.452839952,16.648539135999954
662, ,70.653712488,73.68748272799999,3.0337702399999955,595.491815952,611.743024912,16.251208959999985
663,o,74.803578728,83.31198020000001,8.508401472000003,595.7820009120001,612.4160308,16.634029887999986
664,c,84.4280762,91.21268708000001,6.7846108800000025,596.4550068,612.96849832,16.513491520000002
665,t,92.29686103200001,98.50687504800001,6.210014016000002,597.005242128,613.4785541919999,16.47331206399997
666,o,99.30375056800001,107.81215204000002,8.508401472000003,597.495208272,614.12923816,16.634029887999986
667,m,108.92824804,121.93765828,13.009410239999994,598.16821416,615.1169831200001,16.948768960000052
668,b,123.05375428,131.801571112,8.747816831999998,599.15595912,615.806730448,16.65077132800002
669,r,132.917667112,139.031914984,6.114247871999993,599.845706448,616.312321936,16.466615488000002
670,i,140.14801098400002,143.596767848,3.4487568639999893,600.351297936,616.6315253920001,16.280227456000034
671,e,144.712863848,152.550902312,7.838038463999993,600.670501392,617.257655248,16.587153855999986
672,T,11.91977,20.85410282,8.934332820000002,80.246589,95.907927765,15.661338764999996
673,o,19.700759174481803,27.677430554481806,7.976671380000003,80.79066169898235,96.38503758398235,15.594375885000005
674,a,28.424456354481805,36.64054309448181,8.216086740000001,81.40065168398235,97.01176828898235,15.611116605000007
675,t,37.3875688944818,43.2095020344818,5.821933139999999,82.02738238898235,97.47109179398235,15.443709405000007
676,e,43.657258634481806,51.00546469448181,7.3482060600000025,82.46577999398235,98.01621148898235,15.550431494999998
677, ,51.75249049448181,54.59669509448182,2.8442046000000047,83.03182558898234,98.26732228898234,15.235496699999999
678,o,55.34372089448181,63.32039227448181,7.976671379999999,83.28293638898235,98.87731227398235,15.594375885000005
679,f,63.842966174481816,69.62000893448182,5.7770427600000005,83.87723194898236,99.31780246898236,15.440570520000009
680,e,69.87324055448182,77.22144661448182,7.348206059999995,84.29888883398235,99.84932032898234,15.550431494999998
681,r,77.96847241448182,83.70062479448183,5.732152380000002,84.86493442898235,100.30236606398235,15.437431634999996
682,t,84.44765059448183,90.26958373448183,5.821933139999999,85.31798016398236,100.76168956898236,15.443709405000007
683,e,90.71734033448185,98.06554639448184,7.348206059999995,85.75637776898235,101.30680926398234,15.550431494999998
684,l,98.81257219448186,102.06079021448186,3.248218019999996,86.32242336398235,101.58617002898235,15.263746665
685,e,102.80781601448187,110.15602207448187,7.348206059999995,86.60178412898236,102.15221562398236,15.550431494999998
686, ,111.202345,114.04654959999999,2.8442045999999976,87.18877,102.4242667,15.235496699999999
687,L,13.266889,20.95925464,7.69236564,62.056202,77.63069828,15.574496280000005
688,U,21.51175546,31.10448052,9.59272506,62.632710545,78.34008629,15.707375745
689,N,32.001140920000005,41.773427500000004,9.77228658,63.36616334,79.086094625,15.719931285000001
690,I,42.670087900000006,46.60662508000001,3.936537180000002,64.112171675,79.42404791,15.311876235
691,&,47.42846818,58.517539240000005,11.089071060000002,64.444893485,80.25689872999999,15.812005244999995
692,M,59.337885994,71.788631914,12.45074592000001,65.2776396755,81.1848577655,15.90721809
693,A,72.68529231400001,82.99626345400002,10.310971140000007,66.2109348155,81.9685327205,15.757597904999997
694,R,83.892923854,93.156452794,9.26352894,66.99460977049999,82.67896702549999,15.684357254999995
695,Ț,93.75384399400001,102.688176814,8.934332819999995,67.6841181755,83.3454569405,15.661338764999996
696,I,103.584837214,107.521374394,3.936537180000002,68.3715339905,83.6834102255,15.311876235
697,",",108.343217494,111.247275934,2.90405844,68.7042558005,83.9439376805,15.239681880000006
698, ,111.99603749536,114.84024209536,2.8442045999999976,68.95967315072,84.19516985071999,15.235496699999999
699,î,115.585377,118.171920648,2.586543648000003,69.211493,81.421670456,12.210177455999997
700,n,118.76960128799999,125.06708301599998,6.297481727999994,69.43416053600001,81.90383775200002,12.469677216000008
701, ,125.66476365599999,127.940067336,2.2753036800000075,69.91632783200001,82.104740792,12.188412959999994
702,p,128.537747976,135.0985866,6.560838624000013,70.11723087200001,82.60532420000001,12.488093328000005
703,g,135.600501096,142.14936895199997,6.548867855999987,70.611117512,83.09837374400001,12.487256232000007
704,.,142.747049592,145.070236344,2.323186751999998,71.110863824,83.302625168,12.191761344
705, ,145.667916984,147.943220664,2.2753036800000075,71.315115248,83.503528208,12.188412960000008
706,2,148.54037259508,156.66660357508,8.126230980000003,71.51598131626001,87.12086612626001,15.604884810000001
707,-,157.41370437508,162.03848571508,4.624781339999998,72.13647872626001,87.49651295626,15.360034229999997
708,7,162.78558651507998,170.85196365508,8.066377140000014,72.51212555626002,88.11282488626001,15.600699329999998
709,C,361.94995,368.27995,6.329999999999984,417.45428,427.45428,10.0
710,o,367.98995,373.98995,6.0,417.45428,427.45428,10.0
711,t,373.72995,378.20995,4.480000000000018,417.45428,427.45428,10.0
712,l,378.20995,380.94995,2.740000000000009,417.45428,427.45428,10.0
713,e,380.94995,386.54995,5.600000000000023,417.45428,427.45428,10.0
714,t,386.34995,390.82995,4.480000000000018,417.45428,427.45428,10.0
715, ,390.82995,393.42995,2.6000000000000227,417.45428,427.45428,10.0
716,d,393.37995,399.51995,6.139999999999986,417.45428,427.45428,10.0
717,e,399.51995,405.11995,5.600000000000023,417.45428,427.45428,10.0
718, ,405.11995,407.71995000000004,2.6000000000000227,417.45428,427.45428,10.0
719,p,407.66995000000003,413.77995000000004,6.110000000000014,417.45428,427.45428,10.0
720,o,413.77995,419.77995,6.0,417.45428,427.45428,10.0
721,r,419.77995,424.12995,4.350000000000023,417.45428,427.45428,10.0
722,c,423.87995,428.81995,4.939999999999998,417.45428,427.45428,10.0
723, ,428.81995,431.41995000000003,2.6000000000000227,417.45428,427.45428,10.0
724,f,361.94995,366.42995,4.480000000000018,405.45428,415.45428,10.0
725,ă,366.07995,372.19995,6.1200000000000045,405.45428,415.45428,10.0
726,r,372.19995,376.54995,4.350000000000023,405.45428,415.45428,10.0
727,ă,376.29995,382.41995000000003,6.1200000000000045,405.45428,415.45428,10.0
728, ,382.41995,385.01995,2.6000000000000227,405.45428,415.45428,10.0
729,o,385.01995,391.01995,6.0,405.45428,415.45428,10.0
730,s,390.84995,395.51995,4.670000000000016,405.45428,415.45428,10.0
731,b,361.94995,366.70995,4.759999999999991,395.57077,403.57077,8.0
732,u,366.70995,371.28595,4.576000000000022,395.57077,403.57077,8.0
733,c,371.28595,375.22195,3.9359999999999786,395.57077,403.57077,8.0
734,a,375.02995,379.78995,4.759999999999991,395.57077,403.57077,8.0
735,t,379.78995,383.18994999999995,3.3999999999999773,395.57077,403.57077,8.0
736,ă,383.02995,387.78995,4.759999999999991,395.57077,403.57077,8.0
737, ,387.78995,389.86994999999996,2.079999999999984,395.57077,403.57077,8.0
738,i,389.86995,391.82195,1.9519999999999982,395.57077,403.57077,8.0
739,d,391.82195,396.62995,4.807999999999993,395.57077,403.57077,8.0
740,e,396.62995,401.09395,4.463999999999999,395.57077,403.57077,8.0
741,a,401.09395,405.85395,4.759999999999991,395.57077,403.57077,8.0
742,l,405.85395,407.81395,1.9599999999999795,395.57077,403.57077,8.0
743,ă,407.81395,412.57394999999997,4.759999999999991,395.57077,403.57077,8.0
744, ,412.57394999999997,414.65394999999995,2.079999999999984,395.57077,403.57077,8.0
745,p,361.94995,366.70995,4.759999999999991,385.97076,393.97076,8.0
746,e,366.70995,371.17395,4.463999999999999,385.97076,393.97076,8.0
747,n,371.17395,375.74995,4.576000000000022,385.97076,393.97076,8.0
748,t,375.57395,378.97395,3.3999999999999773,385.97076,393.97076,8.0
749,r,378.97395,382.13395,3.160000000000025,385.97076,393.97076,8.0
750,u,382.13395,386.70995000000005,4.576000000000022,385.97076,393.97076,8.0
751, ,386.70995,388.78995,2.079999999999984,385.97076,393.97076,8.0
752,g,388.78995,393.50995,4.720000000000027,385.97076,393.97076,8.0
753,ă,393.50995,398.26995,4.759999999999991,385.97076,393.97076,8.0
754,t,398.26995,401.66995,3.3999999999999773,385.97076,393.97076,8.0
755,i,401.66995,403.62194999999997,1.9519999999999982,385.97076,393.97076,8.0
756,t,403.62194999999997,407.02194999999995,3.3999999999999773,385.97076,393.97076,8.0
757,k,361.94995,366.38195,4.432000000000016,376.37076,384.37076,8.0
758,g,365.98195,370.84594999999996,4.863999999999976,376.37076,384.37076,8.0
759,C,283.11337,289.44336999999996,6.329999999999984,185.12308,195.12308,10.0
760,R,289.51336999999995,296.26336999999995,6.75,185.12308,195.12308,10.0
761,I,296.33337,299.54337,3.2099999999999795,185.12308,195.12308,10.0
762,S,299.61337,305.66337,6.050000000000011,185.12308,195.12308,10.0
763,T,305.48737,312.06737,6.579999999999984,185.12308,195.12308,10.0
764,I,312.13737,315.34736999999996,3.2099999999999795,185.12308,195.12308,10.0
765,M,315.41737,324.32737000000003,8.910000000000025,185.12308,195.12308,10.0
766,S,283.06338,289.11338,6.050000000000011,173.12308,183.12308,10.0
767,a,289.11338,295.23338,6.1200000000000045,173.12308,183.12308,10.0
768,l,295.23338,297.97338,2.740000000000009,173.12308,183.12308,10.0
769,a,297.97338,304.09338,6.1200000000000045,173.12308,183.12308,10.0
770,m,304.09338,312.87338,8.779999999999973,173.12308,183.12308,10.0
771, ,312.87338,315.47338,2.6000000000000227,173.12308,183.12308,10.0
772,s,283.06338,287.73338,4.670000000000016,161.12308,171.12308,10.0
773,ă,287.63338,293.75338,6.1200000000000045,161.12308,171.12308,10.0
774,s,293.75338,298.42338,4.670000000000016,161.12308,171.12308,10.0
775,e,298.32338,303.92338,5.600000000000023,161.12308,171.12308,10.0
776,s,303.92338,308.59338,4.670000000000016,161.12308,171.12308,10.0
777,c,308.49338,313.43338,4.939999999999998,161.12308,171.12308,10.0
778,2,283.06347,287.87147,4.807999999999993,151.52309,159.52309,8.0
779,5,287.84747,292.63946999999996,4.791999999999973,151.52309,159.52309,8.0
780,0,292.63947,297.48747000000003,4.848000000000013,151.52309,159.52309,8.0
781, ,297.48747,299.56746999999996,2.079999999999984,151.52309,159.52309,8.0
782,g,299.56747,304.43147,4.863999999999976,151.52309,159.52309,8.0
783,P,469.26895,475.83895,6.569999999999993,216.74048,226.74048,10.0
784,E,475.93895000000003,481.92895000000004,5.990000000000009,216.74048,226.74048,10.0
785,R,482.02895,488.77895,6.75,216.74048,226.74048,10.0
786,S,488.77895,494.82895,6.050000000000011,216.74048,226.74048,10.0
787,I,494.92895000000004,498.13895,3.2099999999999795,216.74048,226.74048,10.0
788,L,498.23895000000005,504.03895000000006,5.800000000000011,216.74048,226.74048,10.0
789,D,469.21896,476.54895999999997,7.329999999999984,204.74048,214.74048,10.0
790,e,476.47896,482.07896,5.600000000000023,204.74048,214.74048,10.0
791,t,481.87896,486.35896,4.480000000000018,204.74048,214.74048,10.0
792,e,486.15896,491.75896,5.600000000000023,204.74048,214.74048,10.0
793,r,491.75896,496.10896,4.350000000000023,204.74048,214.74048,10.0
794,g,495.91895999999997,501.99895999999995,6.079999999999984,204.74048,214.74048,10.0
795,e,501.99896,507.59896000000003,5.600000000000023,204.74048,214.74048,10.0
796,n,507.59896,513.48896,5.890000000000043,204.74048,214.74048,10.0
797,t,513.3289599999999,517.80896,4.480000000000018,204.74048,214.74048,10.0
798, ,517.80896,520.40896,2.6000000000000227,204.74048,214.74048,10.0
799,g,520.40896,526.48896,6.080000000000041,204.74048,214.74048,10.0
800,e,526.48896,532.08896,5.600000000000023,204.74048,214.74048,10.0
801,l,532.08896,534.82896,2.740000000000009,204.74048,214.74048,10.0
802, ,534.8289599999999,537.42896,2.6000000000000227,204.74048,214.74048,10.0
803,p,469.21896,475.32896,6.110000000000014,192.74048,202.74048,10.0
804,e,475.32896,480.92896,5.600000000000023,192.74048,202.74048,10.0
805,n,480.92895999999996,486.81895999999995,5.889999999999986,192.74048,202.74048,10.0
806,t,486.65896,491.13896,4.480000000000018,192.74048,202.74048,10.0
807,r,491.13896,495.48896,4.350000000000023,192.74048,202.74048,10.0
808,u,495.48895999999996,501.37895999999995,5.889999999999986,192.74048,202.74048,10.0
809, ,501.37896,503.97896000000003,2.6000000000000227,192.74048,202.74048,10.0
810,r,503.97896,508.32896,4.350000000000023,192.74048,202.74048,10.0
811,u,508.32896,514.21896,5.890000000000043,192.74048,202.74048,10.0
812,f,514.21896,518.69896,4.480000000000018,192.74048,202.74048,10.0
813,e,518.34896,523.94896,5.600000000000023,192.74048,202.74048,10.0
814,u,469.21905,473.79505,4.576000000000022,182.85698,190.85698,8.0
815,n,473.79505,478.37105,4.576000000000022,182.85698,190.85698,8.0
816,i,478.37104999999997,480.32304999999997,1.9519999999999982,182.85698,190.85698,8.0
817,v,480.32304999999997,484.57104999999996,4.2479999999999905,182.85698,190.85698,8.0
818,e,484.36305,488.82705,4.463999999999999,182.85698,190.85698,8.0
819,r,488.82705,491.98705,3.160000000000025,182.85698,190.85698,8.0
820,s,491.77905,495.32304999999997,3.5439999999999827,182.85698,190.85698,8.0
821,a,495.24305,500.00305,4.759999999999991,182.85698,190.85698,8.0
822,l,500.00305,501.96304999999995,1.9599999999999795,182.85698,190.85698,8.0
823, ,501.96305,504.04305,2.079999999999984,182.85698,190.85698,8.0
824,/,504.04305,507.35505,3.312000000000012,182.85698,190.85698,8.0
825, ,507.35505,509.43505,2.079999999999984,182.85698,190.85698,8.0
826,c,509.43505,513.37105,3.9359999999999786,182.85698,190.85698,8.0
827,o,513.1782499999999,517.9062499999999,4.727999999999952,182.85698,190.85698,8.0
828,l,517.90625,519.86625,1.9600000000000364,182.85698,190.85698,8.0
829,o,519.86625,524.59425,4.727999999999952,182.85698,190.85698,8.0
830,r,524.59425,527.75425,3.159999999999968,182.85698,190.85698,8.0
831,1,469.21905,472.52304999999996,3.3039999999999736,172.97697,180.97697,8.0
832,0,472.52304999999996,477.18704999999994,4.663999999999987,172.97697,180.97697,8.0
833,0,477.18705,481.85105,4.663999999999987,172.97697,180.97697,8.0
834, ,481.85105,483.93104999999997,2.079999999999984,172.97697,180.97697,8.0
835,d,483.93104999999997,488.73904999999996,4.807999999999993,172.97697,180.97697,8.0
836,e,488.73904999999996,493.20304999999996,4.463999999999999,172.97697,180.97697,8.0
837, ,493.20304999999996,495.28304999999995,2.079999999999984,172.97697,180.97697,8.0
838,u,495.28305,499.85905,4.576000000000022,172.97697,180.97697,8.0
839,t,499.85904999999997,503.25904999999995,3.3999999999999773,172.97697,180.97697,8.0
840,i,503.25905,505.21105,1.9519999999999982,172.97697,180.97697,8.0
841,l,505.21105,507.17105,1.9599999999999795,172.97697,180.97697,8.0
842,i,507.17105,509.12305,1.9519999999999982,172.97697,180.97697,8.0
843,z,509.12305,513.13905,4.0160000000000196,172.97697,180.97697,8.0
844,ă,512.93025,517.69025,4.759999999999991,172.97697,180.97697,8.0
845,r,517.69025,520.85025,3.159999999999968,172.97697,180.97697,8.0
846,i,520.85025,522.80225,1.9519999999999982,172.97697,180.97697,8.0
847,5,469.21905,474.01104999999995,4.791999999999973,163.37698,171.37698,8.0
848, ,474.01104999999995,476.09104999999994,2.079999999999984,163.37698,171.37698,8.0
849,l,476.09105,478.28305,2.1920000000000073,163.37698,171.37698,8.0
850,3,108.16427,118.85627,10.691999999999993,391.60428,409.60428,18.0
851,7,118.22621000000001,128.57621,10.349999999999994,391.60428,409.60428,18.0
852,%,128.57831,144.81430999999998,16.23599999999999,391.60428,409.60428,18.0
853,L,78.25597,91.6136268,13.3576568,434.56119,457.43389,22.87270000000001
854,U,91.316276694555,107.578766394555,16.262489700000003,434.56119,457.43389,22.87270000000001
855,N,107.807496394555,124.344458494555,16.536962099999997,434.56119,457.43389,22.87270000000001
856,I,124.573188494555,132.189797594555,7.616609099999991,434.56119,457.43389,22.87270000000001
857,&,132.304157690199,150.853917390199,18.54975970000001,434.56119,457.43389,22.87270000000001
858, ,150.853917416748,156.800819416748,5.946901999999994,434.56119,457.43389,22.87270000000001
859,M,78.25597,98.88714540000001,20.631175400000004,416.58325,439.45595000000003,22.87270000000001
860,A,99.11587540000001,116.4762547,17.36037929999999,416.58325,439.45595000000003,22.87270000000001
861,R,116.7049847,132.464275,15.75929029999999,416.58325,439.45595000000003,22.87270000000001
862,Ț,132.235545053098,147.491635953098,15.256090900000004,416.58325,439.45595000000003,22.87270000000001
863,I,147.720365953098,155.336975053098,7.616609100000005,416.58325,439.45595000000003,22.87270000000001
864,2,114.79497,125.68296720000001,10.887997200000001,182.51398,201.09418,18.58019999999999
865,7,125.21846000000001,135.902075,10.683614999999989,182.51398,201.09418,18.58019999999999
866,%,135.90208,152.66142040000003,16.759340400000013,182.51398,201.09418,18.58019999999999
867,L,82.52987,95.2392284,12.7093584,225.93979,247.70238999999998,21.762599999999992
868,U,94.95631838237401,110.429526982374,15.473208599999992,225.93979,247.70238999999998,21.762599999999992
869,N,110.647156982374,126.38151678237399,15.734359799999993,225.93979,247.70238999999998,21.762599999999992
870,I,126.59914678237399,133.84609258237398,7.246945799999992,225.93979,247.70238999999998,21.762599999999992
871,&,133.954902618342,151.604371218342,17.649468600000006,225.93979,247.70238999999998,21.762599999999992
872, ,151.604371301074,157.262647301074,5.658276000000001,225.93979,247.70238999999998,21.762599999999992
873,M,82.52987,102.1597352,19.629865199999998,208.8344,230.59699999999998,21.762599999999992
874,A,102.3773652,118.8951786,16.517813399999994,208.8344,230.59699999999998,21.762599999999992
875,R,119.1128086,134.10724,14.994431399999996,208.8344,230.59699999999998,21.762599999999992
876,Ț,133.889609947838,148.405264147838,14.5156542,208.8344,230.59699999999998,21.762599999999992
877,I,148.622894147838,155.869839947838,7.246945799999992,208.8344,230.59699999999998,21.762599999999992
878,B,207.15307,213.88307,6.72999999999999,481.73108,491.73108,10.0
879,A,213.68307000000001,221.21307000000002,7.530000000000001,481.73108,491.73108,10.0
880,R,221.31307,228.06307,6.75,481.73108,491.73108,10.0
881,I,228.16307,231.37307,3.210000000000008,481.73108,491.73108,10.0
882,L,231.47307,237.27307000000002,5.800000000000011,481.73108,491.73108,10.0
883,L,237.37307,243.17307000000002,5.800000000000011,481.73108,491.73108,10.0
884,A,243.27307000000002,250.80307000000002,7.530000000000001,481.73108,491.73108,10.0
885,P,207.10307,213.67307,6.569999999999993,469.73108,479.73108,10.0
886,a,213.21307000000002,219.33307000000002,6.1200000000000045,469.73108,479.73108,10.0
887,s,219.33307,224.00306999999998,4.6699999999999875,469.73108,479.73108,10.0
888,t,223.87306999999998,228.35306999999997,4.47999999999999,469.73108,479.73108,10.0
889,e,228.15407,233.75406999999998,5.599999999999994,469.73108,479.73108,10.0
890,d,207.10316,211.91116,4.807999999999993,459.84759,467.84759,8.0
891,i,211.91116,213.86316,1.9519999999999982,459.84759,467.84759,8.0
892,v,213.86316,218.11115999999998,4.2479999999999905,459.84759,467.84759,8.0
893,e,217.90316,222.36716,4.463999999999999,459.84759,467.84759,8.0
894,r,222.36716,225.52716,3.1599999999999966,459.84759,467.84759,8.0
895,s,225.31916,228.86316000000002,3.544000000000011,459.84759,467.84759,8.0
896,e,228.78316,233.24716,4.463999999999999,459.84759,467.84759,8.0
897, ,233.24716,235.32716000000002,2.0800000000000125,459.84759,467.84759,8.0
898,s,207.10316,210.64716,3.544000000000011,450.24759,458.24759,8.0
899,o,210.56716,215.29516,4.728000000000009,450.24759,458.24759,8.0
900,r,215.29516,218.45516,3.1599999999999966,450.24759,458.24759,8.0
901,t,218.45516,221.85516,3.4000000000000057,450.24759,458.24759,8.0
902,i,221.85516,223.80716,1.9519999999999982,450.24759,458.24759,8.0
903,m,223.80716,230.71116,6.903999999999996,450.24759,458.24759,8.0
904,e,230.67916,235.14316,4.463999999999999,450.24759,458.24759,8.0
905,n,235.14316,239.71916,4.575999999999993,450.24759,458.24759,8.0
906,t,239.54236,242.94236,3.4000000000000057,450.24759,458.24759,8.0
907,e,242.78316,247.24716,4.463999999999999,450.24759,458.24759,8.0
908,5,207.10316,211.89516,4.792000000000002,440.64761,448.64761,8.0
909,0,211.89516,216.74316000000002,4.848000000000013,440.64761,448.64761,8.0
910,0,216.74316,221.59116,4.848000000000013,440.64761,448.64761,8.0
911, ,221.59116,223.67116000000001,2.0800000000000125,440.64761,448.64761,8.0
912,g,223.67116,228.53516,4.864000000000004,440.64761,448.64761,8.0
913,P,197.88116,204.45116,6.569999999999993,300.77768,310.77768,10.0
914,u,204.39115999999999,210.28115999999997,5.889999999999986,300.77768,310.77768,10.0
915,l,210.28116,213.02116,2.740000000000009,300.77768,310.77768,10.0
916,p,213.02116,219.13116000000002,6.110000000000014,300.77768,310.77768,10.0
917,e,219.13116,224.73116,5.599999999999994,300.77768,310.77768,10.0
918, ,224.73116,227.33115999999998,2.5999999999999943,300.77768,310.77768,10.0
919,d,227.33116,233.47116,6.139999999999986,300.77768,310.77768,10.0
920,e,233.47116,239.07116,5.599999999999994,300.77768,310.77768,10.0
921, ,239.07116,241.67116,2.5999999999999943,300.77768,310.77768,10.0
922,p,241.67116,247.78116,6.110000000000014,300.77768,310.77768,10.0
923,u,247.78116,253.67116,5.889999999999986,300.77768,310.77768,10.0
924,i,253.67116,256.40116,2.730000000000018,300.77768,310.77768,10.0
925,i,197.88116,199.83316,1.9519999999999982,290.89419,298.89419,8.0
926,n,199.83316,204.40915999999999,4.575999999999993,290.89419,298.89419,8.0
927,f,204.28116,207.71316,3.431999999999988,290.89419,298.89419,8.0
928,e,207.38515999999998,211.84915999999998,4.463999999999999,290.89419,298.89419,8.0
929,r,211.84915999999998,215.00915999999998,3.1599999999999966,290.89419,298.89419,8.0
930,i,215.00916,216.96116,1.9519999999999982,290.89419,298.89419,8.0
931,o,216.96116,221.68916000000002,4.728000000000009,290.89419,298.89419,8.0
932,a,221.68916,226.44915999999998,4.759999999999991,290.89419,298.89419,8.0
933,r,226.44916,229.60916,3.1599999999999966,290.89419,298.89419,8.0
934,e,229.36036,233.82435999999998,4.463999999999999,290.89419,298.89419,8.0
935,r,197.88116,201.04116,3.1599999999999966,281.01419,289.01419,8.0
936,e,200.79316,205.25716,4.463999999999999,281.01419,289.01419,8.0
937,f,205.08115999999998,208.51315999999997,3.431999999999988,281.01419,289.01419,8.0
938,r,208.51316,211.67316,3.1599999999999966,281.01419,289.01419,8.0
939,i,211.67316,213.62516,1.9519999999999982,281.01419,289.01419,8.0
940,g,213.62516,218.34516,4.719999999999999,281.01419,289.01419,8.0
941,e,218.34516,222.80916,4.463999999999999,281.01419,289.01419,8.0
942,r,222.80916,225.96916,3.1599999999999966,281.01419,289.01419,8.0
943,a,225.72116,230.48116,4.759999999999991,281.01419,289.01419,8.0
944,t,230.48116,233.88116,3.4000000000000057,281.01419,289.01419,8.0
945,e,233.72035999999997,238.18435999999997,4.463999999999999,281.01419,289.01419,8.0
946,k,197.88116,202.31315999999998,4.431999999999988,271.41421,279.41421,8.0
947,g,201.91316,206.77716,4.864000000000004,271.41421,279.41421,8.0
948,B,15.37677,22.10677,6.73,374.0683,384.0683,10.0
949,E,22.20677,28.19677,5.990000000000002,374.0683,384.0683,10.0
950,C,27.996769999999998,34.326769999999996,6.329999999999998,374.0683,384.0683,10.0
951,K,34.426770000000005,41.356770000000004,6.93,374.0683,384.0683,10.0
952,S,41.23677000000001,47.286770000000004,6.049999999999997,374.0683,384.0683,10.0
953,B,15.32677,22.05677,6.73,362.0683,372.0683,10.0
954,e,22.05677,27.65677,5.600000000000001,362.0683,372.0683,10.0
955,r,27.65677,32.00677,4.350000000000001,362.0683,372.0683,10.0
956,e,31.75677,37.35677,5.599999999999998,362.0683,372.0683,10.0
957, ,37.35677,39.95677,2.6000000000000014,362.0683,372.0683,10.0
958,b,39.69677,45.80677,6.109999999999999,362.0683,372.0683,10.0
959,l,45.80677,48.54677,2.740000000000002,362.0683,372.0683,10.0
960,o,48.546769999999995,54.546769999999995,6.0,362.0683,372.0683,10.0
961,n,54.546769999999995,60.436769999999996,5.890000000000001,362.0683,372.0683,10.0
962,d,60.36577,66.50577,6.140000000000001,362.0683,372.0683,10.0
963,ă,66.50577,72.62577,6.1200000000000045,362.0683,372.0683,10.0
964,5,15.32687,19.96687,4.640000000000001,352.18487,360.18487,8.0
965,%,19.96687,26.96687,7.0,352.18487,360.18487,8.0
966, ,26.96687,29.04687,2.0799999999999983,352.18487,360.18487,8.0
967,a,29.04687,33.806869999999996,4.759999999999998,352.18487,360.18487,8.0
968,l,33.80687,35.766870000000004,1.9600000000000009,352.18487,360.18487,8.0
969,c,35.76687,39.70287,3.936,352.18487,360.18487,8.0
970,o,39.51087,44.23887,4.7280000000000015,352.18487,360.18487,8.0
971,o,44.23887,48.96687,4.7280000000000015,352.18487,360.18487,8.0
972,l,48.96687,50.92687,1.9600000000000009,352.18487,360.18487,8.0
973,d,15.32687,20.13487,4.808,342.30487,350.30487,8.0
974,o,20.13487,24.86287,4.7280000000000015,342.30487,350.30487,8.0
975,z,24.65487,28.67087,4.016000000000002,342.30487,350.30487,8.0
976,ă,28.46287,33.22287,4.760000000000002,342.30487,350.30487,8.0
977,0,15.32687,20.17487,4.847999999999999,332.70489,340.70489,8.0
978,",",20.17487,22.190869999999997,2.0159999999999982,332.70489,340.70489,8.0
979,5,22.19087,26.98287,4.791999999999998,332.70489,340.70489,8.0
980, ,26.98287,29.062869999999997,2.0799999999999983,332.70489,340.70489,8.0
981,l,29.062869999999997,31.254869999999997,2.192,332.70489,340.70489,8.0
982,M,13.16577,22.07577,8.909999999999998,162.80218,172.80218,10.0
983,I,22.17577,25.38577,3.210000000000001,162.80218,172.80218,10.0
984,L,25.48577,31.28577,5.800000000000001,162.80218,172.80218,10.0
985,K,31.38577,38.31577,6.93,162.80218,172.80218,10.0
986,A,38.38577,45.91577,7.530000000000001,162.80218,172.80218,10.0
987,C,13.11577,19.44577,6.33,150.80218,160.80218,10.0
988,i,19.44577,22.17577,2.7300000000000004,150.80218,160.80218,10.0
989,o,22.17577,28.17577,6.0,150.80218,160.80218,10.0
990,c,28.17577,33.11577,4.939999999999998,150.80218,160.80218,10.0
991,o,32.84577,38.84577,6.0,150.80218,160.80218,10.0
992,l,38.84577,41.585770000000004,2.740000000000002,150.80218,160.80218,10.0
993,a,41.58577,47.705769999999994,6.119999999999997,150.80218,160.80218,10.0
994,t,47.705769999999994,52.18576999999999,4.479999999999997,150.80218,160.80218,10.0
995,ă,51.98576999999999,58.105769999999985,6.119999999999997,150.80218,160.80218,10.0
996,d,13.11587,17.92387,4.808000000000002,140.91868,148.91868,8.0
997,i,17.92387,19.87587,1.9519999999999982,140.91868,148.91868,8.0
998,v,19.87587,24.12387,4.248000000000001,140.91868,148.91868,8.0
999,e,23.915869999999998,28.379869999999997,4.463999999999999,140.91868,148.91868,8.0
1000,r,28.379869999999997,31.539869999999997,3.16,140.91868,148.91868,8.0
1001,s,31.331870000000002,34.87587,3.543999999999997,140.91868,148.91868,8.0
1002,e,34.79587,39.25987,4.463999999999999,140.91868,148.91868,8.0
1003, ,39.25987000000001,41.339870000000005,2.0799999999999983,140.91868,148.91868,8.0
1004,s,13.11587,16.659869999999998,3.5439999999999987,131.31869,139.31869,8.0
1005,o,16.57987,21.30787,4.7280000000000015,131.31869,139.31869,8.0
1006,r,21.30787,24.46787,3.16,131.31869,139.31869,8.0
1007,t,24.467869999999998,27.867869999999996,3.3999999999999986,131.31869,139.31869,8.0
1008,i,27.86787,29.81987,1.9520000000000017,131.31869,139.31869,8.0
1009,m,29.81987,36.723870000000005,6.9040000000000035,131.31869,139.31869,8.0
1010,e,36.69187,41.15587,4.463999999999999,131.31869,139.31869,8.0
1011,n,41.15587,45.73187,4.5760000000000005,131.31869,139.31869,8.0
1012,t,45.55507,48.95507,3.3999999999999986,131.31869,139.31869,8.0
1013,e,48.79587,53.25987,4.463999999999999,131.31869,139.31869,8.0
1014,8,13.11587,17.96387,4.848000000000001,121.71869,129.71868999999998,7.999999999999986
1015,7,17.68387,22.435869999999998,4.751999999999999,121.71869,129.71868999999998,7.999999999999986
1016, ,22.43587,24.51587,2.0799999999999983,121.71869,129.71868999999998,7.999999999999986
1017,g,24.51587,29.37987,4.864000000000001,121.71869,129.71868999999998,7.999999999999986
1018, ,29.379869999999997,31.459869999999995,2.0799999999999983,121.71869,129.71868999999998,7.999999999999986
1019,-,31.459870000000002,34.507870000000004,3.048000000000002,121.71869,129.71868999999998,7.999999999999986
1020, ,34.507870000000004,36.58787,2.0799999999999983,121.71869,129.71868999999998,7.999999999999986
1021,1,36.58787,40.251870000000004,3.6640000000000015,121.71869,129.71868999999998,7.999999999999986
1022,0,40.251870000000004,45.09987,4.847999999999999,121.71869,129.71868999999998,7.999999999999986
1023,0,45.09987,49.94787,4.847999999999999,121.71869,129.71868999999998,7.999999999999986
1024, ,49.94787,52.02787,2.0799999999999983,121.71869,129.71868999999998,7.999999999999986
1025,g,52.02787,56.89187,4.863999999999997,121.71869,129.71868999999998,7.999999999999986
1026,V,492.74685,500.07685,7.329999999999984,362.23038,372.23038,10.0
1027,A,499.27684999999997,506.80684999999994,7.529999999999973,362.23038,372.23038,10.0
1028,R,506.90685,513.6568500000001,6.750000000000057,362.23038,372.23038,10.0
1029,T,513.50685,520.08685,6.580000000000041,362.23038,372.23038,10.0
1030,A,519.00685,526.53685,7.529999999999973,362.23038,372.23038,10.0
1031,B,492.69687,499.42687,6.730000000000018,352.23038,362.23038,10.0
1032,a,499.42687,505.54687,6.1200000000000045,352.23038,362.23038,10.0
1033,t,505.54687,510.02687000000003,4.480000000000018,352.23038,362.23038,10.0
1034,e,509.82687,515.42687,5.600000000000023,352.23038,362.23038,10.0
1035,r,515.42687,519.77687,4.350000000000023,352.23038,362.23038,10.0
1036,i,519.77687,522.50687,2.730000000000018,352.23038,362.23038,10.0
1037,i,522.50687,525.2368700000001,2.730000000000018,352.23038,362.23038,10.0
1038, ,525.23687,527.83687,2.6000000000000227,352.23038,362.23038,10.0
1039,a,492.69687,498.81687,6.1200000000000045,342.23038,352.23038,10.0
1040,l,498.81687,501.55687,2.740000000000009,342.23038,352.23038,10.0
1041,c,501.55687,506.49687,4.939999999999998,342.23038,352.23038,10.0
1042,a,506.22686999999996,512.34687,6.1200000000000045,342.23038,352.23038,10.0
1043,l,512.34687,515.08687,2.740000000000009,342.23038,352.23038,10.0
1044,i,515.08687,517.81687,2.730000000000018,342.23038,352.23038,10.0
1045,n,517.81687,523.70687,5.889999999999986,342.23038,352.23038,10.0
1046,e,523.63687,529.2368700000001,5.600000000000023,342.23038,352.23038,10.0
1047, ,529.23687,531.83687,2.6000000000000227,342.23038,352.23038,10.0
1048,L,492.69687,498.49687,5.800000000000011,332.23038,342.23038,10.0
1049,o,498.24687,504.24687,6.0,332.23038,342.23038,10.0
1050,n,504.24687,510.13687,5.889999999999986,332.23038,342.23038,10.0
1051,g,510.13687,516.21687,6.079999999999984,332.23038,342.23038,10.0
1052,l,516.21687,518.95687,2.740000000000009,332.23038,342.23038,10.0
1053,i,518.95687,521.68687,2.730000000000018,332.23038,342.23038,10.0
1054,f,521.68687,526.16687,4.480000000000018,332.23038,342.23038,10.0
1055,e,525.81587,531.41587,5.600000000000023,332.23038,342.23038,10.0
1056,A,492.69696,498.60895999999997,5.911999999999978,323.9469,331.9469,8.0
1057,A,498.60895999999997,504.52095999999995,5.911999999999978,323.9469,331.9469,8.0
1058, ,504.52096,506.60096,2.079999999999984,323.9469,331.9469,8.0
1059,/,506.60096,509.91296,3.312000000000012,323.9469,331.9469,8.0
1060, ,509.91296,511.99296,2.079999999999984,323.9469,331.9469,8.0
1061,A,511.99296,517.90496,5.911999999999978,323.9469,331.9469,8.0
1062,A,517.90496,523.81696,5.912000000000035,323.9469,331.9469,8.0
1063,A,523.81696,529.72896,5.912000000000035,323.9469,331.9469,8.0
1064,1,492.69696,496.36096,3.6639999999999873,315.9469,323.9469,8.0
1065, ,496.36096,498.44095999999996,2.079999999999984,315.9469,323.9469,8.0
1066,s,498.44096,502.17696,3.73599999999999,315.9469,323.9469,8.0
1067,e,502.09695999999997,506.57696,4.480000000000018,315.9469,323.9469,8.0
1068,t,506.41696,510.00096,3.584000000000003,315.9469,323.9469,8.0
1069,L,28.664871,38.223880578771364,9.559009578771363,612.6998590000001,632.053935019374,19.354076019373906
1070,U,39.271284894957745,51.19182171561819,11.920536820660445,613.4415479748272,632.9607616869604,19.519213712133137
1071,N,52.659469845638185,64.8031430986031,12.143673252964916,614.3777615970004,633.9125788706541,19.534817273653744
1072,I,66.27079122862311,71.16253043169243,4.891739203069321,615.3295787806941,634.3572803049296,19.027701524235567
1073,&,72.5446473920577,86.32465448192214,13.78000708986444,615.7682991617913,635.4175425532625,19.649243391471146
1074,M,87.70862700766904,103.18075204250911,15.472125034840076,616.8286911667412,636.59626156641,19.767570399668784
1075,A,104.64840017252912,117.46148272240748,12.81308254987836,618.01326147645,637.5948894346654,19.58162795821545
1076,R,118.92913085242749,130.44058421386305,11.511453361435557,619.0118893447054,638.5024965273842,19.490607182678787
1077,Ț,131.5456378727526,142.64800777496328,11.102369902210683,619.894140805989,639.3561414592134,19.462000653224436
1078,I,144.11565590498327,149.0073951080526,4.891739203069335,620.7731413692534,639.800842893489,19.027701524235567
1079,S,449.47366,452.88766,3.4139999999999873,11.40456,17.40456,6.0
1080,1,452.88766,455.07166,2.184000000000026,11.40456,17.40456,6.0
1081,-,455.07166,457.40566,2.334000000000003,11.40456,17.40456,6.0
1082,R,457.40566,461.05966,3.6539999999999964,11.40456,17.40456,6.0
1083,O,461.05966,465.99766,4.937999999999988,11.40456,17.40456,6.0
1084,-,465.99766,468.33166,2.334000000000003,11.40456,17.40456,6.0
1085,K,468.33166,472.03366,3.701999999999998,11.40456,17.40456,6.0
1086,W,472.03366,478.23766,6.204000000000008,11.40456,17.40456,6.0
1087,4,478.23766,481.81966,3.5819999999999936,11.40456,17.40456,6.0
1088,2,481.81966,485.08366,3.26400000000001,11.40456,17.40456,6.0
1089,-,485.08366,487.41766,2.334000000000003,11.40456,17.40456,6.0
1090,K,487.41766,491.11966,3.701999999999998,11.40456,17.40456,6.0
1091,D,491.11966,495.55366000000004,4.434000000000026,11.40456,17.40456,6.0
1092,Z,495.55366,499.23766,3.684000000000026,11.40456,17.40456,6.0
1093,-,499.23766,501.57166,2.334000000000003,11.40456,17.40456,6.0
1094,T,501.57166,505.27366,3.701999999999998,11.40456,17.40456,6.0
1095,I,505.27366,506.85766,1.5840000000000032,11.40456,17.40456,6.0
1096,T,506.85766,510.55966,3.701999999999998,11.40456,17.40456,6.0
1097,L,510.55966,513.92566,3.3659999999999854,11.40456,17.40456,6.0
1098,U,513.92566,518.25166,4.326000000000022,11.40456,17.40456,6.0
1099,-,518.25166,520.58566,2.3339999999999463,11.40456,17.40456,6.0
1100,1,520.58566,522.7696599999999,2.183999999999969,11.40456,17.40456,6.0
1101,0,522.76966,526.1236600000001,3.354000000000042,11.40456,17.40456,6.0
1102,0,526.12366,529.47766,3.354000000000042,11.40456,17.40456,6.0
1103,0,529.47766,532.83166,3.354000000000042,11.40456,17.40456,6.0
1104,-,532.83166,535.16566,2.3339999999999463,11.40456,17.40456,6.0
1105,0,535.16566,538.51966,3.354000000000042,11.40456,17.40456,6.0
1106,7,538.51966,541.66366,3.1440000000000055,11.40456,17.40456,6.0
1107,1,537.74756,542.08756,4.340000000000032,22.67715,32.67715,9.999999999999996
